name,length,score,pvalue,viral
JF974289.1_21,5000,0.986908829,0.002789231,1
JF974289.1_23,5000,0.997050935,0.000727626,1
JF974289.1_24,5000,0.993921338,0.001576522,1
JF974289.1_25,5000,0.997686127,0.000485084,1
JF974289.1_26,5000,0.994589474,0.00133398,1
JF974289.1_27,5000,0.999876594,0,1
JF974289.1_28,5000,0.90591969,0.012733447,1
JF974289.1_29,5000,0.996976142,0.000848896,1
JF974289.1_30,5000,0.993308607,0.001576522,1
JF974289.1_31,5000,0.992799729,0.001819064,1
JF974289.1_32,5000,0.996779562,0.000848896,1
JF974289.1_33,5000,0.99536456,0.00133398,1
JF974289.1_34,5000,0.991244087,0.002061606,1
JF974292.1_1,5000,0.981974404,0.003395586,1
JF974292.1_2,5000,0.931770373,0.009459132,1
JF974292.1_3,5000,0.992659589,0.001940335,1
JF974292.1_4,5000,0.961240299,0.006184817,1
JF974292.1_5,5000,0.99816072,0.000485084,1
JF974292.1_6,5000,0.995003207,0.00133398,1
JF974292.1_7,5000,0.999225671,0.000121271,1
JF974292.1_8,5000,0.996104701,0.000970167,1
JF974292.1_9,5000,0.992665268,0.001940335,1
JF974292.1_10,5000,0.896667228,0.013703614,1
JF974292.1_11,5000,0.972839149,0.004608295,1
JF974292.1_12,5000,0.994124519,0.001576522,1
JF974292.1_13,5000,0.993194849,0.001697793,1
JF974292.1_14,5000,0.975107936,0.00400194,1
JF974292.1_16,5000,0.99455579,0.00133398,1
JF974292.1_17,5000,0.998283396,0.000485084,1
JF974292.1_18,5000,0.963390939,0.005699733,1
JF974292.1_19,5000,0.996309894,0.000970167,1
JF974292.1_20,5000,0.994925712,0.00133398,1
JF974292.1_21,5000,0.978128285,0.003759398,1
JF974292.1_22,5000,0.944065476,0.00788261,1
JF974292.1_23,5000,0.990594422,0.002182877,1
JF974292.1_25,5000,0.998507312,0.000485084,1
JF974292.1_26,5000,0.997627265,0.000485084,1
JF974292.1_27,5000,0.998236493,0.000485084,1
JF974292.1_28,5000,0.992772239,0.001940335,1
JF974289.1_33,5000,0.99536456,0.00133398,1
JF974292.1_29,5000,0.986278327,0.002789231,1
JF974292.1_31,5000,0.999666484,0,1
JF974292.1_33,5000,0.960134567,0.006427359,1
JF974292.1_34,5000,0.999819368,0,1
JF974292.1_35,5000,0.98723698,0.002789231,1
JF974315.1_1,5000,0.683569451,0.048993451,1
JF974315.1_2,5000,0.902460416,0.012975988,1
JF974315.1_3,5000,0.464048567,0.098835799,1
JF974315.1_4,5000,0.537513393,0.079674994,1
JF974315.1_5,5000,0.526356392,0.081979141,1
JF974315.1_6,5000,0.448542939,0.103807907,1
KU686203.1_1,5000,0.926645703,0.010186757,1
KU686203.1_2,5000,0.377759549,0.127577007,1
KU686203.1_3,5000,0.959917989,0.006427359,1
KU686203.1_4,5000,0.957719666,0.00654863,1
KU686203.1_5,5000,0.988011687,0.002546689,1
KU686203.1_6,5000,0.9856115,0.002789231,1
KU686203.1_7,5000,0.94918706,0.007154984,1
KU686203.1_8,5000,0.986209559,0.002789231,1
KU686203.1_9,5000,0.996995807,0.000848896,1
KU686203.1_10,5000,0.972260063,0.004729566,1
KU686203.1_11,5000,0.996954785,0.000848896,1
KU686203.1_13,5000,0.989860648,0.002182877,1
KU686203.1_14,5000,0.955044842,0.006669901,1
KU686203.1_15,5000,0.99567082,0.00133398,1
KU686203.1_16,5000,0.92481398,0.010429299,1
KU686203.1_17,5000,0.984083429,0.003274315,1
KU686203.1_18,5000,0.996429773,0.000970167,1
KU686203.1_19,5000,0.99025276,0.002182877,1
KU686203.1_20,5000,0.985836003,0.002789231,1
KU686203.1_22,5000,0.985937807,0.002789231,1
KU686203.1_23,5000,0.98687794,0.002789231,1
KU686203.1_25,5000,0.955821662,0.00654863,1
KU686203.1_26,5000,0.998700057,0.000363813,1
KU686203.1_27,5000,0.987120115,0.002789231,1
KU686203.1_28,5000,0.984984351,0.003153044,1
KU686203.1_29,5000,0.997636289,0.000485084,1
KU686203.1_30,5000,0.975809423,0.00400194,1
KU686203.1_31,5000,0.998936807,0.000242542,1
KU686203.1_32,5000,0.977555241,0.003759398,1
KU686203.1_33,5000,0.983064752,0.003395586,1
KU686203.1_34,5000,0.969382777,0.00533592,1
NC_015281.1_1,5000,0.986341448,0.002789231,1
NC_015281.1_2,5000,0.989703586,0.002182877,1
NC_015281.1_3,5000,0.983963039,0.003274315,1
NC_015281.1_4,5000,0.772571063,0.032864419,1
NC_015281.1_5,5000,0.993638324,0.001576522,1
NC_015281.1_6,5000,0.99896531,0.000121271,1
NC_015281.1_7,5000,0.99797856,0.000485084,1
NC_015281.1_8,5000,0.99579063,0.00133398,1
NC_015281.1_9,5000,0.998320674,0.000485084,1
NC_015281.1_10,5000,0.965230358,0.005578462,1
NC_015281.1_11,5000,0.985195508,0.003031773,1
NC_015281.1_12,5000,0.984840333,0.003153044,1
NC_015281.1_13,5000,0.926043612,0.010308028,1
NC_015281.1_14,5000,0.998689992,0.000485084,1
NC_015281.1_15,5000,0.992465143,0.001940335,1
NC_015281.1_16,5000,0.999587118,0,1
NC_015281.1_17,5000,0.976591786,0.003880669,1
NC_015281.1_18,5000,0.997769479,0.000485084,1
NC_015281.1_19,5000,0.999883158,0,1
NC_015281.1_20,5000,0.995975043,0.00133398,1
NC_015281.1_21,5000,0.993599185,0.001576522,1
NC_015281.1_22,5000,0.971972488,0.004729566,1
NC_015281.1_23,5000,0.999535356,0,1
NC_015281.1_24,5000,0.994968547,0.00133398,1
NC_015281.1_25,5000,0.999211853,0.000121271,1
NC_015281.1_27,5000,0.976815776,0.003880669,1
NC_015281.1_28,5000,0.979357456,0.003638128,1
NC_015281.1_29,5000,0.952444098,0.006912442,1
NC_015281.1_30,5000,0.996223508,0.000970167,1
NC_015281.1_31,5000,0.996055936,0.001091438,1
NC_015281.1_32,5000,0.925441359,0.010429299,1
NC_015281.1_33,5000,0.998934162,0.000242542,1
NC_015281.1_35,5000,0.997310212,0.000606355,1
NC_015283.1_1,5000,0.996522996,0.000970167,1
NC_015283.1_2,5000,0.964807819,0.005699733,1
NC_015283.1_3,5000,0.906315717,0.012733447,1
NC_015283.1_4,5000,0.978786673,0.003759398,1
NC_015283.1_5,5000,0.983176716,0.003395586,1
NC_015283.1_6,5000,0.990718934,0.002061606,1
NC_015283.1_7,5000,0.998356715,0.000485084,1
NC_015283.1_8,5000,0.996041631,0.001212709,1
NC_015283.1_9,5000,0.996753987,0.000848896,1
NC_015283.1_10,5000,0.999519027,0,1
NC_015283.1_12,5000,0.946893445,0.007397526,1
NC_015283.1_13,5000,0.971054995,0.004972108,1
NC_015283.1_14,5000,0.990091319,0.002182877,1
NC_015283.1_15,5000,0.98094462,0.003638128,1
NC_015283.1_16,5000,0.997674705,0.000485084,1
NC_015283.1_17,5000,0.990395848,0.002182877,1
NC_015283.1_18,5000,0.938596438,0.008731506,1
NC_015283.1_19,5000,0.997990285,0.000485084,1
NC_015283.1_20,5000,0.96802676,0.00533592,1
NC_015283.1_21,5000,0.996057636,0.001091438,1
NC_015283.1_22,5000,0.963713774,0.005699733,1
NC_015283.1_23,5000,0.992795607,0.001819064,1
NC_015283.1_24,5000,0.969050695,0.00533592,1
NC_015283.1_25,5000,0.998550838,0.000485084,1
NC_015283.1_26,5000,0.989313327,0.002425418,1
NC_015283.1_27,5000,0.996016231,0.001212709,1
NC_015283.1_28,5000,0.972623756,0.004608295,1
NC_015283.1_29,5000,0.999427785,0,1
NC_015283.1_31,5000,0.966715185,0.005457191,1
NC_015283.1_32,5000,0.859498195,0.019888431,1
NC_015283.1_33,5000,0.97873783,0.003759398,1
NC_015283.1_34,5000,0.991115146,0.002061606,1
NC_015283.1_35,5000,0.95022058,0.007154984,1
NC_015284.1_1,5000,0.983141648,0.003395586,1
NC_015284.1_2,5000,0.963612793,0.005699733,1
NC_015284.1_3,5000,0.914765861,0.011763279,1
NC_015284.1_4,5000,0.997844556,0.000485084,1
NC_015284.1_5,5000,0.999383227,0,1
NC_015284.1_7,5000,0.999254271,0.000121271,1
NC_015284.1_8,5000,0.990481669,0.002182877,1
NC_015284.1_9,5000,0.991192551,0.002061606,1
NC_015284.1_10,5000,0.998069067,0.000485084,1
NC_015284.1_11,5000,0.978757618,0.003759398,1
NC_015284.1_12,5000,0.999564032,0,1
NC_015284.1_13,5000,0.997863263,0.000485084,1
NC_015284.1_14,5000,0.99845247,0.000485084,1
NC_015284.1_15,5000,0.998122741,0.000485084,1
NC_015284.1_16,5000,0.995556003,0.00133398,1
NC_015284.1_17,5000,0.998375212,0.000485084,1
NC_015284.1_19,5000,0.997582707,0.000485084,1
NC_015284.1_20,5000,0.996380753,0.000970167,1
NC_015284.1_21,5000,0.997126968,0.000606355,1
NC_015284.1_22,5000,0.986915621,0.002789231,1
NC_015284.1_23,5000,0.993092861,0.001819064,1
NC_015284.1_24,5000,0.997025711,0.000848896,1
NC_015284.1_25,5000,0.986117117,0.002789231,1
NC_015284.1_26,5000,0.999796331,0,1
NC_015284.1_27,5000,0.999644047,0,1
NC_015284.1_28,5000,0.998760783,0.000242542,1
NC_015284.1_29,5000,0.998272541,0.000485084,1
NC_015284.1_30,5000,0.995168422,0.00133398,1
NC_015284.1_31,5000,0.993189271,0.001697793,1
NC_015284.1_32,5000,0.999969397,0,1
NC_015284.1_34,5000,0.950842702,0.007154984,1
NC_015284.1_35,5000,0.992253138,0.001940335,1
NC_015284.1_36,5000,0.947633181,0.007276255,1
NC_015285.1_1,5000,0.87142104,0.017705554,1
NC_015285.1_2,5000,0.932196195,0.009459132,1
NC_015285.1_3,5000,0.883920751,0.01576522,1
NC_015285.1_4,5000,0.989434817,0.002425418,1
NC_015285.1_5,5000,0.995669776,0.00133398,1
NC_015285.1_6,5000,0.991984845,0.002061606,1
NC_015285.1_9,5000,0.99546512,0.00133398,1
NC_015285.1_10,5000,0.994459353,0.001455251,1
NC_015285.1_11,5000,0.963830524,0.005699733,1
NC_015285.1_12,5000,0.985194515,0.003031773,1
NC_015285.1_13,5000,0.999646218,0,1
NC_015285.1_15,5000,0.997399111,0.000606355,1
NC_015285.1_16,5000,0.988298039,0.002546689,1
NC_015285.1_17,5000,0.9833314,0.003395586,1
NC_015285.1_18,5000,0.999797177,0,1
NC_015285.1_19,5000,0.995393999,0.00133398,1
NC_015285.1_20,5000,0.998490462,0.000485084,1
NC_015285.1_21,5000,0.995885776,0.00133398,1
NC_015285.1_22,5000,0.961620014,0.006063546,1
NC_015285.1_23,5000,0.995919638,0.00133398,1
NC_015285.1_25,5000,0.974606238,0.004244482,1
NC_015285.1_26,5000,0.995009616,0.00133398,1
NC_015285.1_27,5000,0.991938704,0.002061606,1
NC_015285.1_28,5000,0.997565136,0.000485084,1
NC_015285.1_30,5000,0.975270674,0.00400194,1
NC_015285.1_31,5000,0.994467057,0.001455251,1
NC_015285.1_33,5000,0.982821849,0.003395586,1
NC_015285.1_34,5000,0.999077943,0.000121271,1
NC_015286.1_1,5000,0.967216748,0.00533592,1
NC_015286.1_3,5000,0.832724857,0.023890371,1
NC_015286.1_4,5000,0.995359121,0.00133398,1
NC_015286.1_5,5000,0.968964644,0.00533592,1
NC_015286.1_6,5000,0.999074007,0.000121271,1
NC_015286.1_8,5000,0.999209397,0.000121271,1
NC_015286.1_9,5000,0.997515559,0.000485084,1
NC_015286.1_10,5000,0.946818143,0.007397526,1
NC_015286.1_11,5000,0.987265661,0.002789231,1
NC_015286.1_12,5000,0.993829794,0.001576522,1
NC_015286.1_13,5000,0.992881465,0.001819064,1
NC_015286.1_14,5000,0.918354196,0.011399466,1
NC_015286.1_15,5000,0.992753988,0.001940335,1
NC_015286.1_16,5000,0.986099855,0.002789231,1
NC_015286.1_17,5000,0.997980655,0.000485084,1
NC_015286.1_18,5000,0.999272328,0.000121271,1
NC_015286.1_19,5000,0.999789151,0,1
NC_015286.1_20,5000,0.995004119,0.00133398,1
NC_015286.1_21,5000,0.959252104,0.006427359,1
NC_015286.1_22,5000,0.99708292,0.000606355,1
NC_015286.1_23,5000,0.987719884,0.002789231,1
NC_015286.1_24,5000,0.992126613,0.001940335,1
NC_015286.1_25,5000,0.971852949,0.004729566,1
NC_015286.1_27,5000,0.992630277,0.001940335,1
NC_015286.1_29,5000,0.996831255,0.000848896,1
NC_015286.1_30,5000,0.992943887,0.001819064,1
NC_015286.1_31,5000,0.997891796,0.000485084,1
NC_015286.1_32,5000,0.976372861,0.003880669,1
NC_015286.1_33,5000,0.999011889,0.000121271,1
NC_015286.1_34,5000,0.974336465,0.004365753,1
NC_015286.1_35,5000,0.965661527,0.005578462,1
NC_015288.1_1,5000,0.997938623,0.000485084,1
NC_015288.1_2,5000,0.847001127,0.021950036,1
NC_015288.1_3,5000,0.994894118,0.00133398,1
NC_015288.1_4,5000,0.972931169,0.004608295,1
NC_015288.1_5,5000,0.989068111,0.002425418,1
NC_015288.1_7,5000,0.993108477,0.001819064,1
NC_015288.1_8,5000,0.988919717,0.002546689,1
NC_015288.1_9,5000,0.998296897,0.000485084,1
NC_015288.1_10,5000,0.999098654,0.000121271,1
NC_015288.1_11,5000,0.999689399,0,1
NC_015288.1_12,5000,0.99826395,0.000485084,1
NC_015288.1_13,5000,0.988564548,0.002546689,1
NC_015288.1_14,5000,0.988544888,0.002546689,1
NC_015288.1_15,5000,0.998374268,0.000485084,1
NC_015288.1_16,5000,0.998454981,0.000485084,1
NC_015288.1_17,5000,0.999385487,0,1
NC_015288.1_18,5000,0.993144528,0.001697793,1
NC_015288.1_19,5000,0.997405073,0.000606355,1
NC_015288.1_20,5000,0.999259934,0.000121271,1
NC_015288.1_21,5000,0.980807574,0.003638128,1
NC_015288.1_23,5000,0.996495547,0.000970167,1
NC_015288.1_25,5000,0.99797974,0.000485084,1
NC_015288.1_26,5000,0.994199732,0.001576522,1
NC_015288.1_28,5000,0.996628433,0.000848896,1
NC_015288.1_29,5000,0.926237628,0.010308028,1
NC_015288.1_30,5000,0.970373835,0.00521465,1
NC_015288.1_31,5000,0.999436242,0,1
NC_015288.1_32,5000,0.984550969,0.003153044,1
NC_015288.1_33,5000,0.999153199,0.000121271,1
NC_015288.1_34,5000,0.997552717,0.000485084,1
NC_015288.1_35,5000,0.98929352,0.002425418,1
NC_015288.1_37,5000,0.985591419,0.002789231,1
NC_015288.1_38,5000,0.996151308,0.000970167,1
NC_015289.1_1,5000,0.82157496,0.02510308,1
NC_015289.1_2,5000,0.876261102,0.016977929,1
NC_015289.1_3,5000,0.997540038,0.000485084,1
NC_015289.1_4,5000,0.844972967,0.022192578,1
NC_015289.1_5,5000,0.984969324,0.003153044,1
NC_015289.1_6,5000,0.997636141,0.000485084,1
NC_015289.1_7,5000,0.984154878,0.003274315,1
NC_015289.1_8,5000,0.983997118,0.003274315,1
NC_015289.1_9,5000,0.947093548,0.007397526,1
NC_015289.1_10,5000,0.941160842,0.008488964,1
NC_015289.1_11,5000,0.978025488,0.003759398,1
NC_015289.1_12,5000,0.977002459,0.003880669,1
NC_015289.1_13,5000,0.996890459,0.000848896,1
NC_015289.1_14,5000,0.995442357,0.00133398,1
NC_015289.1_15,5000,0.996744242,0.000848896,1
NC_015289.1_16,5000,0.999080375,0.000121271,1
NC_015289.1_17,5000,0.935177812,0.00921659,1
NC_015289.1_18,5000,0.993777645,0.001576522,1
NC_015289.1_19,5000,0.996500315,0.000970167,1
NC_015289.1_20,5000,0.991563749,0.002061606,1
NC_015289.1_21,5000,0.959946782,0.006427359,1
NC_015289.1_22,5000,0.894315265,0.014067427,1
NC_015289.1_23,5000,0.962861646,0.005699733,1
NC_015289.1_24,5000,0.998167574,0.000485084,1
NC_015289.1_25,5000,0.988557542,0.002546689,1
NC_015289.1_26,5000,0.988718322,0.002546689,1
NC_015289.1_27,5000,0.997345471,0.000606355,1
NC_015289.1_28,5000,0.988603888,0.002546689,1
NC_015289.1_29,5000,0.997196074,0.000606355,1
NC_015289.1_30,5000,0.997054517,0.000727626,1
NC_015289.1_31,5000,0.927582255,0.010186757,1
NC_015289.1_32,5000,0.990602795,0.002182877,1
NC_015289.1_33,5000,0.990711568,0.002061606,1
NC_015289.1_34,5000,0.967145739,0.00533592,1
NC_015289.1_35,5000,0.998345207,0.000485084,1
NC_015290.1_2,5000,0.986508684,0.002789231,1
NC_015290.1_3,5000,0.934624848,0.009337861,1
NC_015290.1_4,5000,0.990800213,0.002061606,1
NC_015290.1_5,5000,0.985614876,0.002789231,1
NC_015290.1_6,5000,0.996991014,0.000848896,1
NC_015290.1_7,5000,0.991770916,0.002061606,1
NC_015290.1_8,5000,0.995732159,0.00133398,1
NC_015290.1_9,5000,0.998382704,0.000485084,1
NC_015290.1_10,5000,0.967970691,0.00533592,1
NC_015290.1_11,5000,0.916914704,0.011763279,1
NC_015290.1_12,5000,0.988683623,0.002546689,1
NC_015290.1_13,5000,0.996850164,0.000848896,1
NC_015290.1_14,5000,0.997118961,0.000606355,1
NC_015290.1_15,5000,0.950362243,0.007154984,1
NC_015290.1_16,5000,0.8433351,0.022556391,1
NC_015290.1_17,5000,0.996048432,0.001091438,1
NC_015290.1_18,5000,0.994042042,0.001576522,1
NC_015290.1_19,5000,0.993142006,0.001697793,1
NC_015290.1_20,5000,0.984621459,0.003153044,1
NC_015290.1_21,5000,0.972942397,0.004608295,1
NC_015290.1_22,5000,0.951555963,0.007033713,1
NC_015290.1_23,5000,0.974970621,0.004123211,1
NC_015290.1_24,5000,0.99827498,0.000485084,1
NC_015290.1_25,5000,0.973776023,0.004487024,1
NC_015290.1_27,5000,0.996651299,0.000848896,1
NC_015290.1_28,5000,0.971387873,0.004972108,1
NC_015290.1_29,5000,0.99662394,0.000848896,1
NC_015290.1_30,5000,0.978824241,0.003759398,1
NC_015290.1_31,5000,0.991184144,0.002061606,1
NC_015290.1_32,5000,0.984759087,0.003153044,1
NC_015290.1_33,5000,0.999489475,0,1
NC_015290.1_35,5000,0.99704551,0.000727626,1
NC_015290.1_36,5000,0.997799621,0.000485084,1
NC_016658.1_1,5000,0.932215229,0.009459132,1
NC_016658.1_2,5000,0.991338039,0.002061606,1
NC_016658.1_4,5000,0.97714547,0.003880669,1
NC_016658.1_5,5000,0.996130526,0.000970167,1
NC_016658.1_6,5000,0.964395516,0.005699733,1
NC_016658.1_8,5000,0.958066349,0.00654863,1
NC_016658.1_9,5000,0.924493721,0.010429299,1
NC_016659.1_1,5000,0.956062753,0.00654863,1
NC_016659.1_2,5000,0.991367624,0.002061606,1
NC_016659.1_3,5000,0.989544443,0.002304147,1
NC_016659.1_4,5000,0.980440564,0.003638128,1
NC_016659.1_5,5000,0.993719444,0.001576522,1
NC_016659.1_6,5000,0.957634288,0.00654863,1
NC_016659.1_7,5000,0.991866859,0.002061606,1
NC_016659.1_8,5000,0.999231518,0.000121271,1
NC_016659.1_9,5000,0.995822904,0.00133398,1
NC_016766.1_1,5000,0.713093732,0.043414989,1
NC_016766.1_2,5000,0.776412518,0.032621877,1
NC_016766.1_3,5000,0.848548221,0.021828765,1
NC_016766.1_4,5000,0.656884218,0.053723017,1
NC_016766.1_5,5000,0.545704136,0.07785593,1
NC_016766.1_6,5000,0.481465019,0.092893524,1
NC_016766.1_7,5000,0.465955568,0.097986903,1
NC_016766.1_8,5000,0.846253316,0.022071307,1
NC_016766.1_9,5000,0.709471389,0.044021344,1
NC_016766.1_10,5000,0.675649729,0.050569973,1
NC_016766.1_11,5000,0.914984296,0.011763279,1
NC_016766.1_12,5000,0.542928876,0.078098472,1
NC_016766.1_13,5000,0.883419254,0.01588649,1
NC_018088.1_1,5000,0.697236759,0.046446762,1
NC_018088.1_2,5000,0.97096407,0.004972108,1
NC_018088.1_3,5000,0.953990466,0.006791171,1
NC_018088.1_4,5000,0.823031418,0.02510308,1
NC_018088.1_5,5000,0.911447631,0.012248363,1
NC_018088.1_6,5000,0.954597484,0.006669901,1
NC_018088.1_7,5000,0.968150649,0.00533592,1
NC_018088.1_8,5000,0.881399648,0.016250303,1
NC_018088.1_9,5000,0.890172132,0.014795052,1
NC_018088.1_10,5000,0.956893718,0.00654863,1
NC_018088.1_11,5000,0.911266063,0.012248363,1
NC_018088.1_12,5000,0.984510907,0.003153044,1
NC_018088.1_13,5000,0.969749859,0.00521465,1
NC_018088.1_14,5000,0.975557606,0.00400194,1
NC_018088.1_15,5000,0.988741085,0.002546689,1
NC_018088.1_16,5000,0.990246862,0.002182877,1
NC_018088.1_18,5000,0.972525019,0.004608295,1
NC_018088.1_19,5000,0.873586234,0.017463012,1
NC_018088.1_20,5000,0.91168774,0.012248363,1
NC_020486.1_1,5000,0.955456328,0.00654863,1
NC_020486.1_3,5000,0.986260415,0.002789231,1
NC_020486.1_5,5000,0.999470667,0,1
NC_020486.1_6,5000,0.976436366,0.003880669,1
NC_020486.1_7,5000,0.993931026,0.001576522,1
NC_020486.1_8,5000,0.995158329,0.00133398,1
NC_020486.1_9,5000,0.999924342,0,1
NC_020486.1_10,5000,0.989282425,0.002425418,1
NC_020486.1_11,5000,0.983213015,0.003395586,1
NC_020486.1_12,5000,0.996959837,0.000848896,1
NC_020486.1_14,5000,0.975566648,0.00400194,1
NC_020486.1_15,5000,0.974244663,0.004365753,1
NC_020486.1_16,5000,0.979744566,0.003638128,1
NC_020486.1_17,5000,0.911479644,0.012248363,1
NC_020486.1_18,5000,0.993026491,0.001819064,1
NC_020486.1_19,5000,0.998369312,0.000485084,1
NC_020486.1_20,5000,0.991159111,0.002061606,1
NC_020486.1_21,5000,0.987841373,0.002789231,1
NC_020486.1_22,5000,0.989891972,0.002182877,1
NC_020486.1_23,5000,0.997050935,0.000727626,1
NC_020486.1_24,5000,0.993921338,0.001576522,1
NC_020486.1_25,5000,0.997686127,0.000485084,1
NC_020486.1_28,5000,0.90591969,0.012733447,1
NC_020486.1_29,5000,0.996976142,0.000848896,1
NC_020486.1_30,5000,0.993308607,0.001576522,1
NC_020486.1_32,5000,0.996779562,0.000848896,1
NC_020486.1_33,5000,0.99536456,0.00133398,1
NC_020486.1_34,5000,0.991244087,0.002061606,1
NC_020837.1_1,5000,0.991223457,0.002061606,1
NC_020837.1_2,5000,0.997620227,0.000485084,1
NC_020837.1_3,5000,0.999498161,0,1
NC_020837.1_4,5000,0.99892318,0.000242542,1
NC_020837.1_5,5000,0.989743704,0.002182877,1
NC_020837.1_6,5000,0.979694092,0.003638128,1
NC_020837.1_7,5000,0.978373689,0.003759398,1
NC_020837.1_8,5000,0.999546342,0,1
NC_020837.1_9,5000,0.999871116,0,1
NC_020837.1_10,5000,0.998378343,0.000485084,1
NC_020837.1_11,5000,0.996382076,0.000970167,1
NC_020837.1_13,5000,0.997100545,0.000606355,1
NC_020837.1_14,5000,0.999767568,0,1
NC_020837.1_15,5000,0.977878273,0.003759398,1
NC_020837.1_16,5000,0.987660856,0.002789231,1
NC_020837.1_17,5000,0.988087597,0.002546689,1
NC_020837.1_18,5000,0.994645473,0.00133398,1
NC_020837.1_20,5000,0.994739631,0.00133398,1
NC_020837.1_21,5000,0.995905846,0.00133398,1
NC_020837.1_22,5000,0.97432475,0.004365753,1
NC_020837.1_23,5000,0.997827135,0.000485084,1
NC_020837.1_24,5000,0.993781362,0.001576522,1
NC_020837.1_25,5000,0.977049831,0.003880669,1
NC_020837.1_26,5000,0.998170426,0.000485084,1
NC_020837.1_27,5000,0.927727901,0.010186757,1
NC_020837.1_28,5000,0.997168293,0.000606355,1
NC_020837.1_29,5000,0.997214101,0.000606355,1
NC_020837.1_30,5000,0.983793797,0.003274315,1
NC_020837.1_31,5000,0.996302277,0.000970167,1
NC_020837.1_32,5000,0.994900442,0.00133398,1
NC_020837.1_33,5000,0.978418146,0.003759398,1
NC_020837.1_34,5000,0.990864675,0.002061606,1
NC_020837.1_35,5000,0.996931069,0.000848896,1
NC_020837.1_36,5000,0.996226907,0.000970167,1
NC_020837.1_37,5000,0.988429395,0.002546689,1
NC_020837.1_38,5000,0.998554419,0.000485084,1
NC_020837.1_39,5000,0.995486435,0.00133398,1
NC_020838.1_1,5000,0.981203902,0.003395586,1
NC_020838.1_2,5000,0.974124957,0.004365753,1
NC_020838.1_3,5000,0.984153455,0.003274315,1
NC_020838.1_4,5000,0.987357594,0.002789231,1
NC_020838.1_5,5000,0.984198816,0.003274315,1
NC_020838.1_6,5000,0.965819166,0.005578462,1
NC_020838.1_7,5000,0.987860551,0.00266796,1
NC_020838.1_8,5000,0.998215676,0.000485084,1
NC_020838.1_9,5000,0.994026877,0.001576522,1
NC_020839.1_1,5000,0.554279678,0.076036866,1
NC_020839.1_2,5000,0.585216758,0.069245695,1
NC_020839.1_3,5000,0.659649957,0.053359204,1
NC_020839.1_4,5000,0.755741665,0.035774921,1
NC_020839.1_5,5000,0.492944249,0.089861751,1
NC_020839.1_6,5000,0.716812722,0.042687364,1
NC_020839.1_7,5000,0.5581242,0.075430512,1
NC_020841.1_1,5000,0.98549202,0.002789231,1
NC_020841.1_2,5000,0.897993382,0.013582343,1
NC_020841.1_3,5000,0.986461477,0.002789231,1
NC_020841.1_4,5000,0.975831866,0.00400194,1
NC_020841.1_5,5000,0.97660014,0.003880669,1
NC_020841.1_6,5000,0.966349072,0.005457191,1
NC_020841.1_7,5000,0.993448631,0.001576522,1
NC_020841.1_8,5000,0.989770705,0.002182877,1
NC_020842.1_1,5000,0.601548447,0.066456464,1
NC_020842.1_2,5000,0.914727903,0.011763279,1
NC_020842.1_3,5000,0.715819854,0.042808634,1
NC_020842.1_4,5000,0.36733749,0.131336406,1
NC_020842.1_5,5000,0.258995086,0.184574339,1
NC_020842.1_6,5000,0.813922658,0.026315789,1
NC_020842.1_7,5000,0.573737582,0.071671113,1
NC_020842.1_8,5000,0.469887794,0.09628911,1
NC_020842.1_9,5000,0.366689857,0.131700218,1
NC_020842.1_10,5000,0.732799955,0.03953432,1
NC_020842.1_11,5000,0.576953075,0.070579675,1
NC_020842.1_12,5000,0.601701929,0.066335193,1
NC_020842.1_14,5000,0.561731112,0.074339073,1
NC_020842.1_15,5000,0.621130036,0.062090711,1
NC_020843.1_1,5000,0.962324683,0.005821004,1
NC_020843.1_2,5000,0.996726465,0.000848896,1
NC_020843.1_3,5000,0.995880816,0.00133398,1
NC_020843.1_4,5000,0.99716639,0.000606355,1
NC_020843.1_6,5000,0.973963061,0.004365753,1
NC_020843.1_7,5000,0.983297517,0.003395586,1
NC_020843.1_8,5000,0.989187927,0.002425418,1
NC_020843.1_10,5000,0.945341967,0.007518797,1
NC_020843.1_12,5000,0.987197783,0.002789231,1
NC_020843.1_13,5000,0.959924174,0.006427359,1
NC_020843.1_14,5000,0.989456791,0.002304147,1
NC_020843.1_15,5000,0.972301227,0.004729566,1
NC_020843.1_16,5000,0.965684135,0.005578462,1
NC_020843.1_17,5000,0.994408631,0.001576522,1
NC_020843.1_18,5000,0.99154209,0.002061606,1
NC_020843.1_20,5000,0.913930235,0.011763279,1
NC_020843.1_21,5000,0.960351678,0.006427359,1
NC_020843.1_22,5000,0.985955095,0.002789231,1
NC_020843.1_23,5000,0.99505693,0.00133398,1
NC_020843.1_24,5000,0.997140048,0.000606355,1
NC_020843.1_25,5000,0.996206725,0.000970167,1
NC_020845.1_1,5000,0.971019786,0.004972108,1
NC_020845.1_2,5000,0.997121229,0.000606355,1
NC_020845.1_4,5000,0.942596989,0.008246423,1
NC_020845.1_5,5000,0.989725237,0.002182877,1
NC_020845.1_7,5000,0.999599076,0,1
NC_020845.1_8,5000,0.994755687,0.00133398,1
NC_020845.1_9,5000,0.998425237,0.000485084,1
NC_020845.1_10,5000,0.999016894,0.000121271,1
NC_020845.1_11,5000,0.99323778,0.001697793,1
NC_020845.1_12,5000,0.991158437,0.002061606,1
NC_020845.1_13,5000,0.995342656,0.00133398,1
NC_020845.1_14,5000,0.989014714,0.002546689,1
NC_020845.1_15,5000,0.984650209,0.003153044,1
NC_020845.1_16,5000,0.983734043,0.003274315,1
NC_020845.1_17,5000,0.998323573,0.000485084,1
NC_020845.1_18,5000,0.996148137,0.000970167,1
NC_020845.1_19,5000,0.965831855,0.005578462,1
NC_020845.1_20,5000,0.992170585,0.001940335,1
NC_020845.1_22,5000,0.880702596,0.016250303,1
NC_020845.1_23,5000,0.990876699,0.002061606,1
NC_020845.1_24,5000,0.968196936,0.00533592,1
NC_020845.1_25,5000,0.994426531,0.001576522,1
NC_020845.1_26,5000,0.985583656,0.002789231,1
NC_020845.1_27,5000,0.982045218,0.003395586,1
NC_020845.1_29,5000,0.999836301,0,1
NC_020845.1_30,5000,0.853086957,0.020737327,1
NC_020845.1_31,5000,0.996471935,0.000970167,1
NC_020845.1_32,5000,0.996166851,0.000970167,1
NC_020845.1_33,5000,0.999281169,0.000121271,1
NC_020845.1_34,5000,0.999728542,0,1
NC_020845.1_35,5000,0.999518048,0,1
NC_020846.1_1,5000,0.982825629,0.003395586,1
NC_020846.1_2,5000,0.89206213,0.014673781,1
NC_020846.1_3,5000,0.899692894,0.01321853,1
NC_020846.1_4,5000,0.954859225,0.006669901,1
NC_020846.1_5,5000,0.961607668,0.006063546,1
NC_020846.1_6,5000,0.997141825,0.000606355,1
NC_020846.1_7,5000,0.801275807,0.028377395,1
NC_020846.1_8,5000,0.982099733,0.003395586,1
NC_020846.1_9,5000,0.965923719,0.005457191,1
NC_020847.1_1,5000,0.947417203,0.007276255,1
NC_020847.1_2,5000,0.954110563,0.006791171,1
NC_020847.1_3,5000,0.997025042,0.000848896,1
NC_020847.1_4,5000,0.898785873,0.013339801,1
NC_020847.1_5,5000,0.922371381,0.010914383,1
NC_020847.1_6,5000,0.953816249,0.006791171,1
NC_020847.1_7,5000,0.879332358,0.016614116,1
NC_020848.1_1,5000,0.94894399,0.007276255,1
NC_020848.1_3,5000,0.937405886,0.008852777,1
NC_020848.1_4,5000,0.984448737,0.003153044,1
NC_020848.1_5,5000,0.991023761,0.002061606,1
NC_020848.1_6,5000,0.975531923,0.00400194,1
NC_020848.1_7,5000,0.990786163,0.002061606,1
NC_020848.1_8,5000,0.999216924,0.000121271,1
NC_020848.1_9,5000,0.984135012,0.003274315,1
NC_020848.1_11,5000,0.997116539,0.000606355,1
NC_020848.1_12,5000,0.99443221,0.001455251,1
NC_020848.1_14,5000,0.963037577,0.005699733,1
NC_020848.1_15,5000,0.992198383,0.001940335,1
NC_020848.1_1,5000,0.94894399,0.007276255,1
NC_020848.1_2,5000,0.99297427,0.001819064,1
NC_020848.1_3,5000,0.937405886,0.008852777,1
NC_020848.1_4,5000,0.984448737,0.003153044,1
NC_020848.1_5,5000,0.991023761,0.002061606,1
NC_020848.1_6,5000,0.975531923,0.00400194,1
NC_020848.1_7,5000,0.990786163,0.002061606,1
NC_020848.1_8,5000,0.999216924,0.000121271,1
NC_020848.1_9,5000,0.984135012,0.003274315,1
NC_020848.1_10,5000,0.982147621,0.003395586,1
NC_020848.1_11,5000,0.997116539,0.000606355,1
NC_020848.1_12,5000,0.99443221,0.001455251,1
NC_020848.1_13,5000,0.979931435,0.003638128,1
NC_020848.1_14,5000,0.963037577,0.005699733,1
NC_020848.1_15,5000,0.992198383,0.001940335,1
NC_020849.1_1,5000,0.981242324,0.003395586,1
NC_020849.1_2,5000,0.964444523,0.005699733,1
NC_020849.1_3,5000,0.873391151,0.017463012,1
NC_020849.1_4,5000,0.996958703,0.000848896,1
NC_020849.1_5,5000,0.642604485,0.057118603,1
NC_020849.1_6,5000,0.96859216,0.00533592,1
NC_020849.1_7,5000,0.976938437,0.003880669,1
NC_020849.1_8,5000,0.985435689,0.002789231,1
NC_020849.1_10,5000,0.999179802,0.000121271,1
NC_020849.1_11,5000,0.952333416,0.006912442,1
NC_020849.1_12,5000,0.995749839,0.00133398,1
NC_020849.1_13,5000,0.997298981,0.000606355,1
NC_020849.1_14,5000,0.953501997,0.006791171,1
NC_020849.1_15,5000,0.975969251,0.00400194,1
NC_020850.1_1,5000,0.437060472,0.106960951,1
NC_020850.1_2,5000,0.680888224,0.049478535,1
NC_020850.1_3,5000,0.802667392,0.028377395,1
NC_020850.1_4,5000,0.903003334,0.012975988,1
NC_020850.1_5,5000,0.826847559,0.024617997,1
NC_020850.1_6,5000,0.724774658,0.041110842,1
NC_020850.1_7,5000,0.981899086,0.003395586,1
NC_020853.1_1,5000,0.521408654,0.08307058,1
NC_020853.1_2,5000,0.946668795,0.007397526,1
NC_020853.1_3,5000,0.895099571,0.013946156,1
NC_020853.1_4,5000,0.950621456,0.007154984,1
NC_020853.1_5,5000,0.996191054,0.000970167,1
NC_020853.1_6,5000,0.980791131,0.003638128,1
NC_020853.1_7,5000,0.907744603,0.012612176,1
NC_020853.1_8,5000,0.968006625,0.00533592,1
NC_020853.1_9,5000,0.841724134,0.022677662,1
NC_020853.1_10,5000,0.958902758,0.006427359,1
NC_020854.1_1,5000,0.945055705,0.007761339,1
NC_020854.1_2,5000,0.780285595,0.032015523,1
NC_020854.1_3,5000,0.812309802,0.026558331,1
NC_020854.1_4,5000,0.463876912,0.09895707,1
NC_020854.1_5,5000,0.941099412,0.008488964,1
NC_020854.1_6,5000,0.885931164,0.015158865,1
NC_020854.1_7,5000,0.913488352,0.01188455,1
NC_020856.2_1,5000,0.989649065,0.002182877,1
NC_020856.2_2,5000,0.92697147,0.010186757,1
NC_020856.2_3,5000,0.948450995,0.007276255,1
NC_020856.2_4,5000,0.980215059,0.003638128,1
NC_020856.2_5,5000,0.882110015,0.016129032,1
NC_020856.2_6,5000,0.99577047,0.00133398,1
NC_020856.2_7,5000,0.980779726,0.003638128,1
NC_020856.2_8,5000,0.99843713,0.000485084,1
NC_020857.1_1,5000,0.951594588,0.007033713,1
NC_020857.1_2,5000,0.943319416,0.00788261,1
NC_020857.1_3,5000,0.897471024,0.013703614,1
NC_020857.1_4,5000,0.995288637,0.00133398,1
NC_020857.1_5,5000,0.979866821,0.003638128,1
NC_020857.1_6,5000,0.965499235,0.005578462,1
NC_020857.1_7,5000,0.959418203,0.006427359,1
NC_020858.2_1,5000,0.951339734,0.007033713,1
NC_020858.2_2,5000,0.98543236,0.002789231,1
NC_020858.2_3,5000,0.994890527,0.00133398,1
NC_020858.2_4,5000,0.98831651,0.002546689,1
NC_020858.2_5,5000,0.996819433,0.000848896,1
NC_020858.2_6,5000,0.819107438,0.025588164,1
NC_020858.2_8,5000,0.8630215,0.019160805,1
NC_020860.1_1,5000,0.795315125,0.02898375,1
NC_020860.1_2,5000,0.825243009,0.024860538,1
NC_020860.1_3,5000,0.893449017,0.014067427,1
NC_020860.1_4,5000,0.825785293,0.024617997,1
NC_020860.1_5,5000,0.979113249,0.003638128,1
NC_020860.1_6,5000,0.925884422,0.010308028,1
NC_020860.1_7,5000,0.919413244,0.011156925,1
NC_020860.1_8,5000,0.813085067,0.02643706,1
NC_020865.1_1,5000,0.991841336,0.002061606,1
NC_020865.1_2,5000,0.979325945,0.003638128,1
NC_020865.1_4,5000,0.991925726,0.002061606,1
NC_020865.1_5,5000,0.995316283,0.00133398,1
NC_020865.1_7,5000,0.950934394,0.007154984,1
NC_020865.1_8,5000,0.988386482,0.002546689,1
NC_020865.1_9,5000,0.978541532,0.003759398,1
NC_020867.1_1,5000,0.976657072,0.003880669,1
NC_020867.1_2,5000,0.962782235,0.005821004,1
NC_020867.1_3,5000,0.944727644,0.00788261,1
NC_020867.1_4,5000,0.9793907,0.003638128,1
NC_020867.1_5,5000,0.926516209,0.010186757,1
NC_020867.1_6,5000,0.99824565,0.000485084,1
NC_020867.1_7,5000,0.882661266,0.01588649,1
NC_020868.1_1,5000,0.9948123,0.00133398,1
NC_020868.1_2,5000,0.996705237,0.000848896,1
NC_020868.1_3,5000,0.978096084,0.003759398,1
NC_020868.1_4,5000,0.962346771,0.005821004,1
NC_020868.1_5,5000,0.976745457,0.003880669,1
NC_020868.1_6,5000,0.996962216,0.000848896,1
NC_020868.1_7,5000,0.993622212,0.001576522,1
NC_020868.1_8,5000,0.954856666,0.006669901,1
NC_020868.1_9,5000,0.997633147,0.000485084,1
NC_020868.1_10,5000,0.998991547,0.000121271,1
NC_020868.1_11,5000,0.996352807,0.000970167,1
NC_020868.1_12,5000,0.986602866,0.002789231,1
NC_020868.1_13,5000,0.993041769,0.001819064,1
NC_020868.1_14,5000,0.949711573,0.007154984,1
NC_020868.1_15,5000,0.880587521,0.016250303,1
NC_020869.1_1,5000,0.971485892,0.004850837,1
NC_020869.1_2,5000,0.979835229,0.003638128,1
NC_020869.1_3,5000,0.953048361,0.006791171,1
NC_020869.1_4,5000,0.617507615,0.063182149,1
NC_020869.1_5,5000,0.670583774,0.051176328,1
NC_020875.1_1,5000,0.993563505,0.001576522,1
NC_020875.1_2,5000,0.997179201,0.000606355,1
NC_020875.1_3,5000,0.999013547,0.000121271,1
NC_020875.1_4,5000,0.99454073,0.00133398,1
NC_020875.1_5,5000,0.892091849,0.014673781,1
NC_020875.1_6,5000,0.896227731,0.013824885,1
NC_020875.1_7,5000,0.938223744,0.008731506,1
NC_020875.1_8,5000,0.996393256,0.000970167,1
NC_020875.1_9,5000,0.959644775,0.006427359,1
NC_020875.1_10,5000,0.99495014,0.00133398,1
NC_020875.1_11,5000,0.999049953,0.000121271,1
NC_020875.1_12,5000,0.966160433,0.005457191,1
NC_020875.1_13,5000,0.984888077,0.003153044,1
NC_020875.1_14,5000,0.99933654,0,1
NC_020875.1_15,5000,0.998153261,0.000485084,1
NC_020875.1_16,5000,0.999689846,0,1
NC_020875.1_17,5000,0.993273808,0.001576522,1
NC_020875.1_18,5000,0.941436804,0.008367693,1
NC_020875.1_19,5000,0.961277021,0.006184817,1
NC_020875.1_21,5000,0.993195457,0.001697793,1
NC_020875.1_22,5000,0.992357171,0.001940335,1
NC_020875.1_23,5000,0.99682213,0.000848896,1
NC_020875.1_24,5000,0.988037235,0.002546689,1
NC_020875.1_26,5000,0.993505124,0.001576522,1
NC_020875.1_27,5000,0.988954909,0.002546689,1
NC_020875.1_28,5000,0.992003123,0.002061606,1
NC_020875.1_29,5000,0.998631119,0.000485084,1
NC_020875.1_30,5000,0.977043941,0.003880669,1
NC_020875.1_32,5000,0.996003884,0.001212709,1
NC_020875.1_33,5000,0.98820327,0.002546689,1
NC_020875.1_34,5000,0.983956687,0.003274315,1
NC_020875.1_35,5000,0.96489144,0.005578462,1
NC_020875.1_36,5000,0.971946951,0.004729566,1
NC_021067.1_2,5000,0.9973004,0.000606355,1
NC_021067.1_3,5000,0.994600834,0.00133398,1
NC_021067.1_4,5000,0.996218787,0.000970167,1
NC_021067.1_5,5000,0.974611897,0.004244482,1
NC_021067.1_6,5000,0.953993463,0.006791171,1
NC_021067.1_7,5000,0.989312457,0.002425418,1
NC_021067.1_8,5000,0.985762429,0.002789231,1
NC_021067.1_9,5000,0.96505976,0.005578462,1
NC_021067.1_10,5000,0.997134302,0.000606355,1
NC_021067.1_11,5000,0.984447599,0.003153044,1
NC_021067.1_12,5000,0.993565207,0.001576522,1
NC_021067.1_13,5000,0.974275424,0.004365753,1
NC_021067.1_14,5000,0.975457432,0.00400194,1
NC_021067.1_15,5000,0.970003033,0.00521465,1
NC_021067.1_16,5000,0.99667086,0.000848896,1
NC_021067.1_17,5000,0.993739845,0.001576522,1
NC_021067.1_18,5000,0.995315474,0.00133398,1
NC_021067.1_19,5000,0.998517271,0.000485084,1
NC_021067.1_20,5000,0.998881129,0.000242542,1
NC_021067.1_21,5000,0.993104201,0.001819064,1
NC_021067.1_22,5000,0.927669051,0.010186757,1
NC_021067.1_23,5000,0.999103979,0.000121271,1
NC_021067.1_24,5000,0.995520959,0.00133398,1
NC_021067.1_25,5000,0.993422095,0.001576522,1
NC_021067.1_27,5000,0.995597581,0.00133398,1
NC_021068.1_1,5000,0.825573931,0.024617997,1
NC_021068.1_2,5000,0.972277186,0.004729566,1
NC_021068.1_4,5000,0.678063163,0.049721077,1
NC_021068.1_5,5000,0.793157008,0.029590104,1
NC_021068.1_7,5000,0.910788722,0.012369634,1
NC_021068.1_10,5000,0.997924783,0.000485084,1
NC_021068.1_11,5000,0.913283396,0.01188455,1
NC_021070.1_1,5000,0.852339458,0.020979869,1
NC_021070.1_2,5000,0.993119127,0.001819064,1
NC_021070.1_3,5000,0.746493441,0.037230172,1
NC_021070.1_5,5000,0.773321956,0.032864419,1
NC_021070.1_6,5000,0.918611664,0.011278195,1
NC_021071.1_1,5000,0.990698162,0.002061606,1
NC_021071.1_2,5000,0.989978316,0.002182877,1
NC_021071.1_3,5000,0.958752316,0.006427359,1
NC_021071.1_4,5000,0.997042994,0.000727626,1
NC_021071.1_5,5000,0.999795705,0,1
NC_021071.1_6,5000,0.998815413,0.000242542,1
NC_021071.1_7,5000,0.997132011,0.000606355,1
NC_021071.1_9,5000,0.972040586,0.004729566,1
NC_021071.1_10,5000,0.97985569,0.003638128,1
NC_021071.1_11,5000,0.999047534,0.000121271,1
NC_021071.1_12,5000,0.993081304,0.001819064,1
NC_021071.1_13,5000,0.978926948,0.003638128,1
NC_021071.1_15,5000,0.994539048,0.00133398,1
NC_021071.1_16,5000,0.993754949,0.001576522,1
NC_021071.1_17,5000,0.998316683,0.000485084,1
NC_021071.1_19,5000,0.998254422,0.000485084,1
NC_021071.1_20,5000,0.998160266,0.000485084,1
NC_021071.1_21,5000,0.999441655,0,1
NC_021071.1_22,5000,0.982226377,0.003395586,1
NC_021071.1_23,5000,0.973325114,0.004608295,1
NC_021071.1_24,5000,0.992391409,0.001940335,1
NC_021071.1_25,5000,0.997319397,0.000606355,1
NC_021071.1_26,5000,0.997794421,0.000485084,1
NC_021071.1_27,5000,0.986398355,0.002789231,1
NC_021071.1_28,5000,0.999591633,0,1
NC_021071.1_29,5000,0.997909536,0.000485084,1
NC_021071.1_30,5000,0.998448762,0.000485084,1
NC_021071.1_31,5000,0.99969759,0,1
NC_021071.1_32,5000,0.98989124,0.002182877,1
NC_021071.1_33,5000,0.99681617,0.000848896,1
NC_021071.1_34,5000,0.99397334,0.001576522,1
NC_021071.1_35,5000,0.994279033,0.001576522,1
NC_021073.1_1,5000,0.995129547,0.00133398,1
NC_021073.1_2,5000,0.998657866,0.000485084,1
NC_021073.1_3,5000,0.999664783,0,1
NC_021073.1_5,5000,0.995819436,0.00133398,1
NC_021073.1_6,5000,0.998405209,0.000485084,1
NC_021073.1_7,5000,0.998417668,0.000485084,1
NC_021073.1_8,5000,0.996520579,0.000970167,1
NC_021073.1_9,5000,0.963372618,0.005699733,1
NC_021073.1_10,5000,0.999007398,0.000121271,1
NC_021073.1_11,5000,0.992118114,0.001940335,1
NC_021073.1_12,5000,0.997717188,0.000485084,1
NC_021073.1_13,5000,0.998228172,0.000485084,1
NC_021073.1_14,5000,0.987454754,0.002789231,1
NC_021073.1_16,5000,0.996579539,0.000970167,1
NC_021073.1_17,5000,0.990625738,0.002182877,1
NC_021073.1_19,5000,0.959976792,0.006427359,1
NC_021073.1_20,5000,0.858404478,0.020009702,1
NC_021073.1_21,5000,0.912749159,0.012127092,1
NC_021529.2_1,5000,0.997787736,0.000485084,1
NC_021529.2_2,5000,0.999858034,0,1
NC_021529.2_3,5000,0.997805892,0.000485084,1
NC_021529.2_4,5000,0.998618414,0.000485084,1
NC_021529.2_5,5000,0.970661926,0.005093379,1
NC_021529.2_6,5000,0.996362558,0.000970167,1
NC_021529.2_7,5000,0.99084538,0.002061606,1
NC_021529.2_8,5000,0.999607756,0,1
NC_021529.2_9,5000,0.991412294,0.002061606,1
NC_021529.2_10,5000,0.998618258,0.000485084,1
NC_021529.2_11,5000,0.996942873,0.000848896,1
NC_021529.2_12,5000,0.997325725,0.000606355,1
NC_021529.2_13,5000,0.989157473,0.002425418,1
NC_021529.2_14,5000,0.998787333,0.000242542,1
NC_021529.2_15,5000,0.999615315,0,1
NC_021529.2_16,5000,0.998461918,0.000485084,1
NC_021529.2_17,5000,0.998686625,0.000485084,1
NC_021529.2_18,5000,0.998502846,0.000485084,1
NC_021529.2_19,5000,0.995474818,0.00133398,1
NC_021529.2_20,5000,0.986694682,0.002789231,1
NC_021529.2_21,5000,0.990967281,0.002061606,1
NC_021529.2_22,5000,0.998987157,0.000121271,1
NC_021529.2_24,5000,0.999755161,0,1
NC_021529.2_25,5000,0.999154757,0.000121271,1
NC_021529.2_26,5000,0.997066933,0.000727626,1
NC_021529.2_27,5000,0.998962615,0.000121271,1
NC_021529.2_28,5000,0.999757952,0,1
NC_021529.2_29,5000,0.997924611,0.000485084,1
NC_021529.2_30,5000,0.990953855,0.002061606,1
NC_021529.2_31,5000,0.999053185,0.000121271,1
NC_021529.2_33,5000,0.999304275,0.000121271,1
NC_021529.2_34,5000,0.999631727,0,1
NC_021529.2_35,5000,0.996276976,0.000970167,1
NC_021529.2_36,5000,0.982379015,0.003395586,1
NC_021529.2_37,5000,0.998223737,0.000485084,1
NC_021529.2_38,5000,0.998761464,0.000242542,1
NC_021529.2_39,5000,0.998139907,0.000485084,1
NC_021529.2_40,5000,0.996776778,0.000848896,1
NC_021529.2_41,5000,0.998980136,0.000121271,1
NC_021529.2_42,5000,0.997383165,0.000606355,1
NC_021529.2_43,5000,0.995123663,0.00133398,1
NC_021529.2_44,5000,0.988152746,0.002546689,1
NC_021529.2_45,5000,0.997378982,0.000606355,1
NC_021529.2_46,5000,0.998099587,0.000485084,1
NC_021529.2_47,5000,0.99929434,0.000121271,1
NC_021529.2_48,5000,0.996915272,0.000848896,1
NC_021529.2_49,5000,0.995667012,0.00133398,1
NC_021530.1_1,5000,0.924127812,0.010429299,1
NC_021530.1_2,5000,0.568849197,0.072398739,1
NC_021530.1_3,5000,0.94997873,0.007154984,1
NC_021530.1_5,5000,0.98091152,0.003638128,1
NC_021530.1_6,5000,0.982917225,0.003395586,1
NC_021530.1_7,5000,0.980740517,0.003638128,1
NC_021530.1_8,5000,0.980418968,0.003638128,1
NC_021530.1_9,5000,0.985092586,0.003153044,1
NC_021530.1_10,5000,0.996543013,0.000970167,1
NC_021530.1_11,5000,0.998595851,0.000485084,1
NC_021530.1_12,5000,0.978056758,0.003759398,1
NC_021530.1_13,5000,0.993185009,0.001697793,1
NC_021530.1_14,5000,0.955408106,0.00654863,1
NC_021530.1_15,5000,0.993544632,0.001576522,1
NC_021530.1_16,5000,0.885322413,0.015280136,1
NC_021530.1_17,5000,0.989544093,0.002304147,1
NC_021530.1_18,5000,0.995669781,0.00133398,1
NC_021530.1_19,5000,0.988049557,0.002546689,1
NC_021530.1_20,5000,0.996806355,0.000848896,1
NC_021530.1_21,5000,0.995168715,0.00133398,1
NC_021530.1_22,5000,0.982711612,0.003395586,1
NC_021530.1_23,5000,0.986670165,0.002789231,1
NC_021530.1_24,5000,0.963940501,0.005699733,1
NC_021530.1_25,5000,0.979550508,0.003638128,1
NC_021530.1_26,5000,0.995148374,0.00133398,1
NC_021530.1_27,5000,0.994237604,0.001576522,1
NC_021530.1_28,5000,0.971703673,0.004729566,1
NC_021530.1_29,5000,0.981094537,0.003638128,1
NC_021530.1_30,5000,0.989626879,0.002304147,1
NC_021530.1_31,5000,0.995076229,0.00133398,1
NC_021530.1_33,5000,0.982829899,0.003395586,1
NC_021530.1_34,5000,0.966338526,0.005457191,1
NC_021534.1_1,5000,0.609284065,0.065122484,1
NC_021534.1_3,5000,0.902794932,0.012975988,1
NC_021534.1_4,5000,0.865626483,0.018796992,1
NC_021534.1_5,5000,0.575274412,0.071428571,1
NC_021534.1_6,5000,0.813161162,0.026315789,1
NC_021534.1_7,5000,0.888154111,0.014916323,1
NC_021534.1_8,5000,0.976782247,0.003880669,1
NC_021534.1_9,5000,0.779957831,0.032015523,1
NC_021534.1_2,5000,0.954699755,0.006669901,1
NC_021534.1_3,5000,0.902794932,0.012975988,1
NC_021534.1_4,5000,0.865626483,0.018796992,1
NC_021534.1_5,5000,0.575274412,0.071428571,1
NC_021534.1_6,5000,0.813161162,0.026315789,1
NC_021534.1_7,5000,0.888154111,0.014916323,1
NC_021534.1_8,5000,0.976782247,0.003880669,1
NC_021534.1_9,5000,0.779957831,0.032015523,1
NC_021559.1_1,5000,0.996070656,0.001091438,1
NC_021559.1_2,5000,0.918400393,0.011278195,1
NC_021559.1_3,5000,0.997933903,0.000485084,1
NC_021559.1_4,5000,0.994326866,0.001576522,1
NC_021559.1_5,5000,0.975364634,0.00400194,1
NC_021559.1_6,5000,0.996314084,0.000970167,1
NC_021559.1_7,5000,0.99732766,0.000606355,1
NC_021559.1_8,5000,0.987055959,0.002789231,1
NC_021559.1_9,5000,0.99715467,0.000606355,1
NC_021559.1_10,5000,0.996815508,0.000848896,1
NC_021559.1_11,5000,0.9603715,0.006427359,1
NC_021559.1_12,5000,0.983105067,0.003395586,1
NC_021559.1_13,5000,0.997617017,0.000485084,1
NC_021559.1_14,5000,0.924698607,0.010429299,1
NC_021559.1_15,5000,0.993152643,0.001697793,1
NC_021559.1_16,5000,0.996168366,0.000970167,1
NC_021559.1_17,5000,0.999814782,0,1
NC_021559.1_18,5000,0.980222519,0.003638128,1
NC_021559.1_19,5000,0.949766284,0.007154984,1
NC_021559.1_20,5000,0.990416389,0.002182877,1
NC_021559.1_21,5000,0.995713583,0.00133398,1
NC_021559.1_22,5000,0.999483819,0,1
NC_021559.1_23,5000,0.99831057,0.000485084,1
NC_021559.1_24,5000,0.996049112,0.001091438,1
NC_021559.1_25,5000,0.998420148,0.000485084,1
NC_021559.1_26,5000,0.999470254,0,1
NC_021559.1_27,5000,0.974209636,0.004365753,1
NC_021559.1_28,5000,0.991859198,0.002061606,1
NC_021559.1_29,5000,0.998285928,0.000485084,1
NC_021559.1_30,5000,0.999663292,0,1
NC_021559.1_32,5000,0.997020475,0.000848896,1
NC_021559.1_33,5000,0.954368951,0.006669901,1
NC_021559.1_34,5000,0.996491885,0.000970167,1
NC_021559.1_35,5000,0.999590844,0,1
NC_021560.1_2,5000,0.871587779,0.017705554,1
NC_021560.1_3,5000,0.151135225,0.267644919,1
NC_021560.1_4,5000,0.591333691,0.068154257,1
NC_021560.1_5,5000,0.536450694,0.079674994,1
NC_021560.1_6,5000,0.528324975,0.081615329,1
NC_021560.1_7,5000,0.417775124,0.113752122,1
NC_021560.1_8,5000,0.521428164,0.08307058,1
NC_021560.1_9,5000,0.658755832,0.053601746,1
NC_021560.1_10,5000,0.342432489,0.141523163,1
NC_025455.1_1,5000,0.210703956,0.215255882,1
NC_025455.1_2,5000,0.925635182,0.010429299,1
NC_025455.1_3,5000,0.957984245,0.00654863,1
NC_025455.1_4,5000,0.985289516,0.002910502,1
NC_025455.1_6,5000,0.973548334,0.004487024,1
NC_025455.1_7,5000,0.633285614,0.059058938,1
NC_025455.1_8,5000,0.987494216,0.002789231,1
NC_025455.1_9,5000,0.886716019,0.015037594,1
NC_025461.1_1,5000,0.969224768,0.00533592,1
NC_025461.1_2,5000,0.94644348,0.007397526,1
NC_025461.1_3,5000,0.998657781,0.000485084,1
NC_025461.1_4,5000,0.991436015,0.002061606,1
NC_025461.1_6,5000,0.858726021,0.019888431,1
NC_025461.1_7,5000,0.997606626,0.000485084,1
NC_025461.1_8,5000,0.990498249,0.002182877,1
NC_025461.1_9,5000,0.968833677,0.00533592,1
NC_025464.1_1,5000,0.996637417,0.000848896,1
NC_025464.1_2,5000,0.992761804,0.001940335,1
NC_025464.1_3,5000,0.990794424,0.002061606,1
NC_025464.1_4,5000,0.992481112,0.001940335,1
NC_025464.1_5,5000,0.927072728,0.010186757,1
NC_025464.1_6,5000,0.973688143,0.004487024,1
NC_025464.1_7,5000,0.990825698,0.002061606,1
NC_025464.1_8,5000,0.889695122,0.014795052,1
NC_029031.1_1,5000,0.939029362,0.008731506,1
NC_029031.1_2,5000,0.943293247,0.00788261,1
NC_029031.1_3,5000,0.969311583,0.00533592,1
NC_029031.1_4,5000,0.98598859,0.002789231,1
NC_029031.1_5,5000,0.983354028,0.003274315,1
NC_029031.1_6,5000,0.965108658,0.005578462,1
NC_029031.1_7,5000,0.944484045,0.00788261,1
NC_029031.1_8,5000,0.986827894,0.002789231,1
NC_029031.1_9,5000,0.942124031,0.008246423,1
NC_029067.1_1,5000,0.996747349,0.000848896,1
NC_029067.1_2,5000,0.995352211,0.00133398,1
NC_029067.1_3,5000,0.984860917,0.003153044,1
NC_029067.1_4,5000,0.991656687,0.002061606,1
NC_029067.1_5,5000,0.991829119,0.002061606,1
NC_029067.1_6,5000,0.952168773,0.006912442,1
NC_029067.1_8,5000,0.986617592,0.002789231,1
NC_029067.1_9,5000,0.996696843,0.000848896,1
NC_029067.1_10,5000,0.968757543,0.00533592,1
NC_029067.1_11,5000,0.995822321,0.00133398,1
NC_029067.1_13,5000,0.972552724,0.004608295,1
NC_029067.1_14,5000,0.939475977,0.008731506,1
NC_029067.1_15,5000,0.989667867,0.002182877,1
NC_029067.1_16,5000,0.981212546,0.003395586,1
NC_029067.1_17,5000,0.799901218,0.028741208,1
NC_029067.1_18,5000,0.997996117,0.000485084,1
NC_029067.1_19,5000,0.919526145,0.011156925,1
NC_029067.1_20,5000,0.998209205,0.000485084,1
NC_029067.1_22,5000,0.995337007,0.00133398,1
NC_029067.1_24,5000,0.998944641,0.000242542,1
QIAZ01000034_1,5000,0.10784772,0.322095561,0
QIAZ01000085_1,5000,0.027587812,0.560878001,0
QIAZ01000221_1,5000,0.013041209,0.685059423,0
QIAZ01000302_1,5000,0.047403793,0.46167839,0
QIAZ01000395_1,5000,0.092631029,0.348653893,0
QIAZ01000472_1,5000,0.146666171,0.272253214,0
QIAZ01000561_1,5000,0.191185247,0.231506185,0
QHZO01000026_6,5000,0.011639715,0.702764977,0
QHZO01000084_2,5000,0.04250162,0.480960466,0
QHZO01000116_3,5000,0.008114742,0.755154014,0
QHZO01000136_2,5000,0.006885142,0.776861509,0
QHZO01000244_1,5000,0.034269257,0.520373514,0
QHZO01000247_1,5000,0.017218977,0.642372059,0
QHZO01000301_1,5000,0.134036061,0.285835557,0
QHZO01000355_1,5000,0.059227907,0.422992966,0
QHZO01000369_1,5000,0.033855442,0.522677662,0
MIES01000008_2,5000,0.953398259,0.006791171,0
MIES01000020_8,5000,0.043943811,0.474411836,0
MIES01000026_98,5000,0.03228391,0.531287897,0
MIES01000026_134,5000,0.008989233,0.741692942,0
MIES01000026_148,5000,0.07740251,0.381154499,0
MIES01000026_215,5000,0.103844629,0.328886733,0
MIES01000033_54,5000,0.01293978,0.686393403,0
MIES01000033_93,5000,0.003138283,0.861629881,0
MIES01000033_118,5000,0.016667377,0.647465438,0
MIES01000033_327,5000,0.031720474,0.534198399,0
MIES01000033_328,5000,0.001193395,0.93136066,0
QIAP01000025_2,5000,0.008808513,0.743633277,0
QIAP01000066_2,5000,0.021344853,0.604656803,0
QIAP01000071_6,5000,0.007657933,0.763521707,0
QIAP01000084_3,5000,0.008239639,0.752728596,0
QIAP01000095_1,5000,0.007459044,0.765947126,0
QIAP01000138_2,5000,0.510120275,0.084889643,0
NTKY01000008_11,5000,0.003165296,0.860659714,0
NTKY01000025_2,5000,0.017273082,0.641644434,0
NTKY01000025_7,5000,0.010299431,0.720834344,0
NTKY01000033_4,5000,0.005928619,0.796628668,0
QHYU01000053_5,5000,0.105613643,0.326097502,0
QHYU01000077_1,5000,0.176108042,0.244360902,0
QHYU01000078_7,5000,0.200357136,0.223866117,0
QHYU01000083_3,5000,0.004397547,0.826218773,0
QHYU01000140_8,5000,0.015483382,0.659228717,0
QHYU01000142_7,5000,0.025241242,0.574581615,0
QHYU01000150_5,5000,0.004794437,0.818942518,0
QHYU01000172_2,5000,0.004671393,0.820397769,0
QHYU01000178_3,5000,0.166973734,0.253698763,0
QHZG01000058_2,5000,0.00380451,0.843439243,0
QHZG01000189_2,5000,0.062008683,0.414746544,0
QHZG01000265_2,5000,0.00341547,0.853989813,0
QHZG01000277_2,5000,0.080852722,0.373150618,0
QHZG01000281_1,5000,0.062439648,0.413048751,0
QHZG01000285_2,5000,0.212163173,0.21367936,0
QHZG01000406_1,5000,0.023781377,0.584525831,0
QHZG01000456_4,5000,0.02643801,0.568154257,0
QHZG01000520_1,5000,0.027712162,0.560271647,0
QHZG01000544_5,5000,0.016594857,0.648435605,0
QHZG01000547_1,5000,0.048176728,0.458767887,0
QHZG01000552_9,5000,0.311902955,0.15704584,0
QHZG01000554_4,5000,0.007754047,0.761702644,0
LWBL01000005_28,5000,0.08331558,0.367814698,0
LWBL01000009_2,5000,0.011502548,0.704220228,0
LWBL01000013_6,5000,0.034776427,0.517948096,0
LWBL01000013_18,5000,0.001864326,0.904802328,0
LWBL01000027_7,5000,0.032190863,0.532015523,0
LWBL01000028_3,5000,0.043065159,0.478049964,0
QHWQ01000001_8,5000,0.03444128,0.520009702,0
QHWQ01000009_2,5000,0.00753081,0.764734417,0
QHWQ01000012_1,5000,0.051324052,0.44858113,0
QHWQ01000032_1,5000,0.010854944,0.712830463,0
QHWQ01000032_2,5000,0.066832572,0.401406743,0
QHWQ01000070_4,5000,0.044133882,0.473684211,0
QHWQ01000090_1,5000,0.233412554,0.198277953,0
QHWQ01000090_3,5000,0.210728028,0.215134611,0
QHWQ01000125_1,5000,0.024245558,0.580645161,0
QHWQ01000238_1,5000,0.028913872,0.550569973,0
QHWQ01000281_2,5000,0.030098603,0.543414989,0
QHWQ01000310_4,5000,0.064485059,0.407349018,0
QHWQ01000311_4,5000,0.003107233,0.862600049,0
NTKO01000004_9,5000,0.046023269,0.466771768,0
NTKO01000017_2,5000,0.134171969,0.285714286,0
NTKO01000019_2,5000,0.213418889,0.212224109,0
QHYP01000074_1,5000,0.054424319,0.438879457,0
QHYP01000216_2,5000,0.099103605,0.337375697,0
QHYA01000053_3,5000,0.001527317,0.917899588,0
QHYA01000189_3,5000,0.026579261,0.566699006,0
QHYA01000195_3,5000,0.019433411,0.621028377,0
QHYA01000221_1,5000,0.01095093,0.710647587,0
QHTX01000064_1,5000,0.005141824,0.811908804,0
QHTX01000187_7,5000,0.004226755,0.831433422,0
QHZA01000069_1,5000,0.014013766,0.674266311,0
QHVC01000028_1,5000,0.028444252,0.554935726,0
QHVC01000052_2,5000,0.005494234,0.805238904,0
QHVC01000077_2,5000,0.007893153,0.75988358,0
QHVC01000104_4,5000,0.009447885,0.734295416,0
NIUC01000001_154,5000,0.049303381,0.454644676,0
NIUC01000001_264,5000,0.004169573,0.83373757,0
NIUC01000002_82,5000,0.021549302,0.602473927,0
NIUC01000002_282,5000,0.000120541,0.992723745,0
NIUC01000002_391,5000,0.006402518,0.78765462,0
NIUC01000006_6,5000,0.041724569,0.483992239,0
QHUD01000031_1,5000,0.015964061,0.6530439,0
QHUD01000067_3,5000,0.008545114,0.748362843,0
QHUD01000069_1,5000,0.101801233,0.332161048,0
QHUD01000121_3,5000,0.087487157,0.359083192,0
QHUD01000197_4,5000,0.001550831,0.917293233,0
QJSD01000003_48,5000,0.00285222,0.868784865,0
QJSD01000005_20,5000,0.014145367,0.673417415,0
QJSD01000007_19,5000,0.019459394,0.620422023,0
QJSD01000007_20,5000,0.063353101,0.410016978,0
QJSD01000011_20,5000,0.066113652,0.402861994,0
QJSD01000014_1,5000,0.097544786,0.339801116,0
QJSD01000024_4,5000,0.155607669,0.263521707,0
QIAR01000042_4,5000,0.08591122,0.362114965,0
QIAR01000077_6,5000,0.386628013,0.125151589,0
QIAR01000114_1,5000,0.14383575,0.27577007,0
QIAR01000216_4,5000,0.06829907,0.398860053,0
QIAR01000251_1,5000,0.268763549,0.178995877,0
QHVJ01000009_2,5000,0.001780896,0.90759156,0
QHVJ01000073_2,5000,0.004904404,0.816395828,0
QHVJ01000078_5,5000,0.009170946,0.739267524,0
QHVJ01000083_3,5000,0.007709761,0.76255154,0
QHVJ01000084_1,5000,0.010304682,0.720834344,0
QHVJ01000128_5,5000,0.035679613,0.512733447,0
QHVJ01000131_4,5000,0.043200215,0.47756488,0
QHVJ01000143_2,5000,0.033465114,0.524254184,0
QHVJ01000229_2,5000,0.013662714,0.677055542,0
QHVJ01000260_1,5000,0.197255573,0.227019161,0
QHVJ01000333_1,5000,0.389345143,0.12406015,0
QHVJ01000339_1,5000,0.029152443,0.549478535,0
QHOW01000036_4,5000,0.011940222,0.698399224,0
QHOW01000051_2,5000,0.001729677,0.909168081,0
QHOW01000066_1,5000,0.014161166,0.673296144,0
QHOW01000097_4,5000,0.140166603,0.27965074,0
QHOW01000193_2,5000,0.012312882,0.6939122,0
QHUE01000007_5,5000,0.023209791,0.590710648,0
QHUE01000009_2,5000,0.049752459,0.453431967,0
QHUE01000088_1,5000,0.128178271,0.293960708,0
QHUE01000103_1,5000,0.003004392,0.865510551,0
QHUE01000233_1,5000,0.103551538,0.329008004,0
QHYT01000149_1,5000,0.156294757,0.262915353,0
QHYT01000150_4,5000,0.2516466,0.189061363,0
QHYT01000261_1,5000,0.010567257,0.716711133,0
QHYT01000321_1,5000,0.049941784,0.4524618,0
PBMV01000008_7,5000,0.443822591,0.105020616,0
PBMV01000015_4,5000,0.511024897,0.084889643,0
PBMV01000016_3,5000,0.850795315,0.02110114,0
PBMV01000023_5,5000,0.73252379,0.039776862,0
PBMV01000030_3,5000,0.147075078,0.272131943,0
PBMV01000033_3,5000,0.417560357,0.113873393,0
PBMV01000034_2,5000,0.055831774,0.433664807,0
PBMV01000040_3,5000,0.701730183,0.045476595,0
PBMV01000046_1,5000,0.401715903,0.12005821,0
PBMV01000055_27,5000,0.854807127,0.020737327,0
PBMV01000074_2,5000,0.081486019,0.371695367,0
NTKI01000002_32,5000,0.012021668,0.697550327,0
NTKI01000005_7,5000,0.482562017,0.09228717,0
NTKI01000012_2,5000,0.072375727,0.39049236,0
QHZI01000086_1,5000,0.286049416,0.168687849,0
QHZI01000130_3,5000,0.113620852,0.314819306,0
QHZI01000136_2,5000,0.063803204,0.408682998,0
QHWL01000040_3,5000,0.121533516,0.302692214,0
QHWL01000270_1,5000,0.001371595,0.923356779,0
NETF01000006_1,5000,0.012051065,0.697307786,0
NETF01000015_2,5000,0.328830579,0.148556876,0
NETF01000022_2,5000,0.395739016,0.121877274,0
NETF01000026_3,5000,0.890649878,0.014795052,0
NETF01000036_3,5000,0.169830819,0.250303177,0
NETF01000051_6,5000,0.126138115,0.297113752,0
NETF01000110_8,5000,0.020013758,0.615449915,0
NETF01000154_5,5000,0.076913131,0.382245937,0
NETF01000165_14,5000,0.256453512,0.18602959,0
NETF01000165_29,5000,0.250388366,0.189667718,0
NETF01000171_8,5000,0.019379775,0.621634732,0
NETF01000174_2,5000,0.219067671,0.207979626,0
NETF01000182_2,5000,0.037135214,0.504972108,0
NETF01000194_6,5000,0.022481368,0.596774194,0
NETF01000203_8,5000,0.404809634,0.118602959,0
NETF01000206_3,5000,0.091151005,0.351443124,0
QHTL01000051_1,5000,0.049026759,0.455372302,0
QHTL01000069_1,5000,0.037024995,0.505457191,0
QHTL01000075_32,5000,0.457894352,0.101261218,0
QHTL01000076_15,5000,0.007019208,0.773223381,0
QHTL01000080_19,5000,0.001243767,0.929299054,0
QHTL01000081_14,5000,0.047567914,0.461072035,0
QHTL01000085_10,5000,0.03203362,0.532621877,0
QHTL01000094_7,5000,0.099378727,0.336890614,0
QHTL01000097_4,5000,0.447663908,0.104050449,0
QHTL01000102_8,5000,0.002850354,0.868784865,0
QHZR01000017_13,5000,0.292563486,0.165292263,0
QHZR01000019_5,5000,0.010452422,0.719257822,0
QHZR01000041_4,5000,0.021536389,0.602716469,0
QHZR01000074_2,5000,0.140645287,0.279044385,0
QHZR01000176_2,5000,0.392463987,0.123211254,0
QHUP01000023_1,5000,0.006711981,0.780499636,0
QHUP01000143_1,5000,0.034013716,0.521464953,0
QHUP01000268_1,5000,0.000598858,0.962163473,0
QHZH01000043_1,5000,0.024657994,0.57785593,0
QHZH01000137_1,5000,0.024722211,0.577128305,0
QHWF01000023_3,5000,0.161874527,0.258428329,0
QHWF01000029_1,5000,0.09026986,0.353747271,0
QHWF01000104_3,5000,0.424598235,0.111205433,0
QHWF01000236_1,5000,0.005695833,0.801358234,0
QHWF01000260_2,5000,0.005040432,0.814091681,0
QHWF01000260_4,5000,0.044996011,0.470167354,0
QHWF01000333_1,5000,0.065179598,0.405651225,0
QHWF01000359_1,5000,0.110668732,0.318214892,0
QHWY01000001_5,5000,0.155066847,0.263642978,0
QHWY01000004_3,5000,0.451173632,0.103322823,0
QHWY01000025_3,5000,0.07117207,0.392796507,0
QHWY01000035_1,5000,0.01266436,0.69003153,0
QHWY01000063_2,5000,0.735056011,0.039049236,0
QHWY01000082_6,5000,0.079431697,0.376182391,0
QHWY01000095_3,5000,0.001358938,0.923963134,0
QHWY01000105_14,5000,0.307056309,0.158501091,0
QHWY01000176_3,5000,0.011946362,0.698399224,0
QHWY01000207_1,5000,0.019140548,0.623332525,0
QHWY01000246_1,5000,0.046974778,0.463133641,0
QHWY01000274_1,5000,0.019241629,0.622604899,0
QHZY01000011_13,5000,0.004903718,0.816395828,0
QHZY01000018_8,5000,0.023768256,0.584768373,0
QHZY01000024_5,5000,0.053025006,0.44324521,0
QHZY01000043_9,5000,0.006246165,0.79020131,0
QHZY01000054_2,5000,0.036057984,0.510671841,0
MINM01000011_210,5000,0.003891887,0.841620179,0
MINM01000011_380,5000,0.020819608,0.607809847,0
MINM01000038_30,5000,0.010665537,0.714770798,0
QHYR01000018_1,5000,0.009559156,0.731021101,0
QHYR01000056_2,5000,0.359734836,0.134368179,0
QHYR01000064_2,5000,0.030190656,0.542808634,0
QHYR01000099_1,5000,0.010316401,0.720834344,0
QHYR01000133_1,5000,0.012446351,0.692456949,0
QHYR01000191_3,5000,0.111371182,0.317244725,0
QHYR01000203_2,5000,0.339623683,0.142735872,0
QHYR01000205_2,5000,0.022405635,0.597016735,0
QHYR01000260_2,5000,0.095526017,0.343439243,0
QHYR01000302_1,5000,0.013866525,0.675964104,0
QHTO01000017_1,5000,0.006698784,0.780742178,0
QHTO01000059_1,5000,0.018831974,0.626364298,0
QHTO01000061_7,5000,0.048351037,0.458040262,0
QHTO01000158_15,5000,0.015087921,0.663473199,0
QHTO01000169_9,5000,0.000807368,0.950642736,0
QIAH01000031_2,5000,0.472333967,0.095440213,0
QIAH01000058_1,5000,0.619773942,0.062333252,0
QIAH01000311_6,5000,0.009928735,0.72556391,0
QIAH01000316_4,5000,0.112953273,0.315789474,0
QIAH01000351_6,5000,0.472084262,0.095440213,0
QIAH01000353_6,5000,0.04699656,0.463133641,0
QIAH01000370_4,5000,0.004688843,0.820276498,0
QIAH01000380_3,5000,0.073722298,0.387703129,0
QIAH01000382_3,5000,0.013367784,0.680451128,0
QIAF01000002_3,5000,0.008987625,0.741692942,0
QIAF01000028_2,5000,0.025554968,0.573247635,0
QIAF01000099_4,5000,0.024000863,0.582828038,0
QIAF01000131_1,5000,0.275187227,0.176570458,0
QIAF01000164_1,5000,0.009912395,0.725685181,0
QIAF01000197_1,5000,0.103903122,0.328644191,0
QIAF01000201_1,5000,0.1988627,0.225200097,0
PBRZ01000028_3,5000,0.070302616,0.394615571,0
PBRZ01000052_4,5000,0.053563959,0.441789959,0
PBRZ01000056_4,5000,0.195008212,0.228474412,0
PBRZ01000136_1,5000,0.043148277,0.477686151,0
QHZT01000016_2,5000,0.105683195,0.326097502,0
QHZT01000041_4,5000,0.336997312,0.144191123,0
QHZT01000053_3,5000,0.034897123,0.517220471,0
QHZT01000145_1,5000,0.019112513,0.623453796,0
QHZT01000235_1,5000,0.472054883,0.095440213,0
QHZT01000292_3,5000,0.247459526,0.191122969,0
QHZT01000307_1,5000,0.124293189,0.299296629,0
QHZT01000308_4,5000,0.128425754,0.293475625,0
QHZT01000403_2,5000,0.119601642,0.305360175,0
QHZT01000439_1,5000,0.17654996,0.243997089,0
QHZT01000468_1,5000,0.115779573,0.310574824,0
QHZT01000553_5,5000,0.106605636,0.324642251,0
QHZT01000592_1,5000,0.105872032,0.32585496,0
QHZT01000603_6,5000,0.111118858,0.317365996,0
QHZT01000632_1,5000,0.033018989,0.527043415,0
QHZT01000742_1,5000,0.03246681,0.53031773,0
PAQK01000010_24,5000,0.026076639,0.570700946,0
PAQK01000022_5,5000,0.017644406,0.637885035,0
PAQK01000024_7,5000,0.075702007,0.384186272,0
PAQK01000033_35,5000,0.387901384,0.124909047,0
PAQK01000041_10,5000,0.246366489,0.191608052,0
QHUO01000001_20,5000,0.031197381,0.53698763,0
QHUO01000003_6,5000,0.008266654,0.75200097,0
QHUO01000006_18,5000,0.036083691,0.510429299,0
QHUO01000008_23,5000,0.103797706,0.328886733,0
QHUO01000028_5,5000,0.031357441,0.536260005,0
QHUO01000030_7,5000,0.197551298,0.226776619,0
QHUO01000033_1,5000,0.202782891,0.222410866,0
QHUO01000058_1,5000,0.0887543,0.356900315,0
QHUO01000109_3,5000,0.006641646,0.7823187,0
QHUO01000111_2,5000,0.011684437,0.70179481,0
QIBA01000007_1,5000,0.26987615,0.178389522,0
QIBA01000028_15,5000,0.272949979,0.177419355,0
QIBA01000029_9,5000,0.408297508,0.116905166,0
QIBA01000041_10,5000,0.086612454,0.360780985,0
QIBA01000044_11,5000,0.517283078,0.083555663,0
QIBA01000050_2,5000,0.029620602,0.546446762,0
QIBA01000099_1,5000,0.218182946,0.208222168,0
QHYC01000066_4,5000,0.358704412,0.134853262,0
QHYC01000103_5,5000,0.008506677,0.748847926,0
QHYC01000258_1,5000,0.00556483,0.803662382,0
QHYC01000498_1,5000,0.033853287,0.522677662,0
QHUM01000037_17,5000,0.007228103,0.770070337,0
QHUM01000038_3,5000,0.004984402,0.814940577,0
QHUM01000039_41,5000,0.026397411,0.568518069,0
QHUM01000044_11,5000,0.00830922,0.751394616,0
QHUM01000044_14,5000,0.0085751,0.748241572,0
QHUM01000056_13,5000,0.02451177,0.578583556,0
QHUM01000063_1,5000,0.01179171,0.700460829,0
QHUM01000066_2,5000,0.000448509,0.971380063,0
QHYF01000013_7,5000,0.013611524,0.677783168,0
QHYF01000036_3,5000,0.111851203,0.317123454,0
QHYF01000040_2,5000,0.026924905,0.565122484,0
QHYF01000040_5,5000,0.014773393,0.666990056,0
QHYF01000100_1,5000,0.022301742,0.597986903,0
QHXW01000001_2,5000,0.128576896,0.293111812,0
QHXW01000011_8,5000,0.208638349,0.216953675,0
QHXW01000065_3,5000,0.035701037,0.512733447,0
QHXW01000074_7,5000,0.169665927,0.250424448,0
QHXW01000099_13,5000,0.010794903,0.713315547,0
QHXW01000099_15,5000,0.000614059,0.960586951,0
QHXW01000142_4,5000,0.12911794,0.292626728,0
QHXW01000161_1,5000,0.211843164,0.214043172,0
QHXW01000204_1,5000,0.01414389,0.673417415,0
QHXW01000250_11,5000,0.033341251,0.525224351,0
QHXW01000302_2,5000,0.327287693,0.149769585,0
QHXW01000353_5,5000,0.281022288,0.173417415,0
QHXW01000362_3,5000,0.004642919,0.82064031,0
QHXW01000367_10,5000,0.230098508,0.200339559,0
QHXW01000497_3,5000,0.041745027,0.483870968,0
NTKG01000019_2,5000,0.02266216,0.595561484,0
NTKG01000035_1,5000,0.05080095,0.450036381,0
QHZW01000015_3,5000,0.028916407,0.550569973,0
QHZW01000050_1,5000,0.395375959,0.121877274,0
QHZW01000107_1,5000,0.506439678,0.085859811,0
QHZW01000108_2,5000,0.379449575,0.126849382,0
QHZW01000190_1,5000,0.094916993,0.343924327,0
QHZW01000253_4,5000,0.065172036,0.405651225,0
QHZW01000334_3,5000,0.118439976,0.306936697,0
NTKH01000008_3,5000,0.047964591,0.459616784,0
NTKH01000020_3,5000,0.117371147,0.308634489,0
NTKH01000049_2,5000,0.34770175,0.139219015,0
QCWF01000002_85,5000,0.002513158,0.880911957,0
QCWF01000003_12,5000,0.115625884,0.310696095,0
QCWF01000005_7,5000,0.000614449,0.960586951,0
QCWF01000009_16,5000,0.00194554,0.901770555,0
QHTN01000096_1,5000,0.030766412,0.540140674,0
QHTN01000098_3,5000,0.001468635,0.919354839,0
QHTN01000118_6,5000,0.00117763,0.931845743,0
QHTN01000120_1,5000,0.003047802,0.864419112,0
QHZL01000006_2,5000,0.063646499,0.409289352,0
QHZL01000035_1,5000,0.237123618,0.195488722,0
QHZL01000139_1,5000,0.365873192,0.13194276,0
QHZL01000310_1,5000,0.019590709,0.618602959,0
QHPB01000033_2,5000,0.002854554,0.868663594,0
QHPB01000043_1,5000,0.013019886,0.685423236,0
QHPB01000100_1,5000,0.024545279,0.578462285,0
QHPB01000111_3,5000,0.01971352,0.61739025,0
QHPB01000169_1,5000,0.046520183,0.465195246,0
QHPB01000182_5,5000,0.053010799,0.44324521,0
QHPB01000194_7,5000,0.582668845,0.069488237,0
QHVM01000001_1,5000,0.00640318,0.78765462,0
QHVM01000020_6,5000,0.003163275,0.860780985,0
QHVM01000024_13,5000,0.050684265,0.450157652,0
QHVM01000024_14,5000,0.005239775,0.81008974,0
QHVM01000051_6,5000,0.001399807,0.922386612,0
QHVM01000055_6,5000,0.001620622,0.913412564,0
QHVM01000065_4,5000,0.000421231,0.97356294,0
QHVM01000080_2,5000,0.066323413,0.402013097,0
QHVM01000087_9,5000,0.001104198,0.935847684,0
NTJX01000011_4,5000,0.002493931,0.881518312,0
NTJX01000012_4,5000,0.03498241,0.516614116,0
NTJX01000024_2,5000,0.423426213,0.111569246,0
NTJX01000049_1,5000,0.008814965,0.743512006,0
NTJX01000051_1,5000,0.16194276,0.258428329,0
QAMR01000003_8,5000,0.025375269,0.573975261,0
QAMR01000004_4,5000,0.000976877,0.943002668,0
QAMR01000004_25,5000,0.028399734,0.555178268,0
QAMR01000010_11,5000,0.154696411,0.26388552,0
QAMR01000027_5,5000,0.001047798,0.939485811,0
QAMR01000063_5,5000,0.141666503,0.277589134,0
QAMR01000063_15,5000,0.003966439,0.838709677,0
QIBB01000465_7,5000,0.433039208,0.108537473,0
QHOX01000036_1,5000,0.09871967,0.338345865,0
QHOX01000083_1,5000,0.004178971,0.833131215,0
QHOX01000140_3,5000,0.061385533,0.416808149,0
QHXN01000011_9,5000,0.776504629,0.032621877,0
QHXN01000019_15,5000,0.640182689,0.057361145,0
QHXN01000023_8,5000,0.88282205,0.01588649,0
QHXN01000031_1,5000,0.595098316,0.067547902,0
QHXN01000043_6,5000,0.385841414,0.125151589,0
QHXN01000053_8,5000,0.362659579,0.133034198,0
QHXN01000063_10,5000,0.866886072,0.018796992,0
QHXN01000067_2,5000,0.635257997,0.058816396,0
QHXN01000077_6,5000,0.770117888,0.033349503,0
QHXN01000078_4,5000,0.700421307,0.045961678,0
QHXN01000081_1,5000,0.878816291,0.016614116,0
QHXN01000081_7,5000,0.549414553,0.077128305,0
QHXN01000109_1,5000,0.923534357,0.01055057,0
QHWG01000034_1,5000,0.034008326,0.521464953,0
QHWG01000079_1,5000,0.012263075,0.694397284,0
QHWG01000112_1,5000,0.238535102,0.194882367,0
QHVL01000020_4,5000,0.002517306,0.880548145,0
QHVL01000087_1,5000,0.000717361,0.954644676,0
QHVL01000176_5,5000,3.99E-05,0.997817123,0
QHYN01000024_2,5000,0.056206432,0.432209556,0
QHYN01000064_1,5000,0.004384217,0.826703856,0
QHYN01000222_4,5000,0.025860941,0.571428571,0
QHYN01000245_8,5000,0.126815671,0.296022314,0
QHUR01000084_1,5000,0.008712152,0.745573611,0
QHXB01000009_3,5000,0.133178216,0.286805724,0
QHXB01000013_3,5000,0.001745115,0.908561727,0
QHXB01000038_2,5000,0.260188959,0.183604172,0
QHXB01000090_3,5000,0.392962942,0.123211254,0
QHXB01000096_4,5000,0.040210482,0.490177056,0
QHXB01000181_5,5000,0.029010432,0.55008489,0
QHXB01000186_8,5000,0.000907641,0.946883337,0
QHXB01000190_1,5000,0.394007349,0.122483628,0
QHUA01000055_1,5000,0.524415837,0.082464225,0
QHUA01000102_2,5000,0.087045601,0.359325734,0
QHUA01000116_1,5000,0.100976206,0.333373757,0
QHUA01000125_1,5000,0.216833052,0.209313607,0
QHUA01000134_1,5000,0.00999632,0.724836284,0
QHUA01000136_6,5000,0.07897093,0.377516372,0
QHUA01000139_3,5000,0.009867806,0.725927723,0
LDPY01000001_293,5000,0.230015463,0.200339559,0
LDPY01000001_331,5000,0.018243154,0.632185302,0
LDPY01000001_386,5000,0.178123205,0.24278438,0
LDPY01000001_429,5000,0.190636671,0.231748727,0
LDPY01000001_549,5000,0.361145889,0.134004366,0
LDPY01000002_37,5000,0.042343505,0.481809362,0
LDPY01000005_19,5000,0.242022683,0.193063303,0
LDPY01000006_7,5000,0.045407226,0.468833374,0
LDPY01000007_1,5000,0.037001144,0.505578462,0
QHZP01000006_1,5000,0.430375295,0.109628911,0
QHZP01000008_6,5000,0.21230244,0.21367936,0
QHZP01000041_1,5000,0.059060168,0.423356779,0
QHZP01000059_1,5000,0.412869271,0.115692457,0
QHZP01000074_2,5000,0.234691294,0.196822702,0
QHZP01000125_1,5000,0.065076388,0.405893767,0
QHZP01000213_1,5000,0.440573883,0.105626971,0
QHZP01000225_2,5000,0.026141372,0.570337133,0
PBQH01000051_1,5000,0.670305088,0.051176328,0
PBQH01000067_1,5000,0.303311188,0.159349988,0
QHVO01000201_2,5000,0.001575938,0.915959253,0
QHVO01000243_1,5000,0.002153842,0.893645404,0
QHVO01000383_2,5000,0.007460242,0.765947126,0
QHVO01000393_1,5000,0.002101631,0.895707009,0
QHVO01000476_2,5000,0.008400368,0.749818094,0
QHZF01000308_1,5000,0.020447854,0.611205433,0
QHZF01000349_1,5000,0.050811966,0.450036381,0
QHZF01000532_1,5000,0.11154453,0.317244725,0
QHZF01000822_1,5000,0.014723542,0.667475139,0
QHZF01000913_4,5000,0.092045317,0.350230415,0
QHZF01001025_1,5000,0.080880288,0.373029348,0
NTKL01000026_2,5000,0.029392384,0.547659471,0
QHUV01000141_1,5000,0.192602081,0.230050934,0
QHUV01000249_2,5000,0.12455816,0.299175358,0
QHVG01000034_6,5000,0.006472993,0.785835557,0
QHVG01000110_1,5000,0.000876289,0.947853505,0
QHVG01000122_1,5000,0.017311972,0.641280621,0
QHVG01000131_1,5000,0.069364737,0.396555906,0
QHVG01000131_3,5000,0.197688995,0.226776619,0
QHWS01000009_3,5000,0.002272005,0.889037109,0
QHWS01000053_3,5000,0.377817091,0.127577007,0
QHWS01000167_1,5000,0.008104444,0.755396556,0
QHWS01000211_3,5000,0.045119361,0.470046083,0
QHWS01000269_1,5000,0.041353229,0.48544749,0
QHWS01000291_4,5000,0.087219491,0.359083192,0
QHWS01000507_2,5000,0.099113867,0.337375697,0
QHWS01000550_1,5000,0.000665309,0.957676449,0
QHTP01000017_3,5000,0.009666847,0.728716954,0
QHTP01000017_4,5000,0.134392724,0.285593015,0
QHTP01000040_1,5000,0.002515285,0.880790686,0
QHVR01000028_1,5000,0.289713201,0.166868785,0
QHVR01000041_1,5000,0.009578793,0.730657288,0
QHVR01000051_1,5000,0.007166491,0.771161775,0
QHVR01000058_1,5000,0.038403093,0.496846956,0
QHVR01000110_3,5000,0.018323536,0.631336406,0
QHVR01000114_3,5000,0.026273331,0.569366966,0
QHVR01000271_1,5000,0.386115715,0.125151589,0
QHVR01000416_1,5000,0.067882172,0.39970895,0
QHVR01000583_1,5000,0.456318779,0.10162503,0
QHVR01000586_2,5000,0.010794126,0.713436818,0
QHTK01000022_2,5000,0.002246068,0.890007276,0
QHTK01000023_4,5000,0.005236154,0.810211011,0
QHTK01000028_5,5000,0.017511526,0.639219015,0
QHTK01000044_4,5000,0.008086058,0.756002911,0
QHTK01000051_4,5000,0.002762855,0.870967742,0
QHTK01000052_12,5000,0.067139323,0.400921659,0
QHTK01000054_6,5000,0.027803165,0.559180209,0
QHTK01000058_2,5000,0.059090486,0.423235508,0
QHTK01000083_4,5000,0.005940454,0.796386127,0
NSJQ01000002_29,5000,0.188709554,0.233689061,0
NSJQ01000003_1,5000,0.085788098,0.362478778,0
NSJQ01000003_5,5000,0.440974534,0.1055057,0
NSJQ01000009_13,5000,0.258729732,0.18469561,0
NSJQ01000015_10,5000,0.289494408,0.166990056,0
NSJQ01000021_3,5000,0.182413771,0.237933544,0
NSJQ01000052_4,5000,0.28445558,0.170264371,0
NSJQ01000054_1,5000,0.039554697,0.492966287,0
NSJQ01000057_1,5000,0.332583913,0.146616541,0
NSJQ01000064_1,5000,0.112506456,0.316274557,0
QHYO01000004_1,5000,0.043725599,0.47489692,0
QHYO01000201_1,5000,0.129050002,0.29286927,0
QHYO01000338_2,5000,0.423735339,0.111447975,0
QHYO01000431_1,5000,0.021269949,0.605141887,0
QHYO01000462_3,5000,0.291907095,0.165413534,0
QHYO01000621_1,5000,0.136429192,0.283046325,0
NJER01000001_45,5000,0.099226754,0.337133155,0
NJER01000001_59,5000,0.132807484,0.287290808,0
NJER01000001_122,5000,0.498452505,0.088527771,0
NJER01000003_1,5000,0.048804633,0.455978656,0
NJER01000004_34,5000,0.049562949,0.454038322,0
PBMW01000008_1,5000,0.062453482,0.413048751,0
PBMW01000017_13,5000,0.089148112,0.355808877,0
PBMW01000023_8,5000,0.255447252,0.186635945,0
PBMW01000050_6,5000,0.070599572,0.394009217,0
PBMW01000060_2,5000,0.016089901,0.651346107,0
PBMW01000085_1,5000,0.421061036,0.112296871,0
QIAV01000276_1,5000,0.023041832,0.591680815,0
QIAV01000321_1,5000,0.026393421,0.568518069,0
QIAV01000336_1,5000,0.055822469,0.433786078,0
QHXT01000279_1,5000,0.010469584,0.718894009,0
QHXT01000286_1,5000,0.819205253,0.025588164,0
QHXT01000482_2,5000,0.469449834,0.096410381,0
QHXT01000602_1,5000,0.214671604,0.211739025,0
QHXT01000679_3,5000,0.071377653,0.392068882,0
QHXO01000012_1,5000,0.150611239,0.267887461,0
QHXO01000140_1,5000,0.439107551,0.106475867,0
QHXO01000372_1,5000,0.093425037,0.347198642,0
QHYL01000022_2,5000,0.064371222,0.40759156,0
QHYL01000082_1,5000,0.289725966,0.166868785,0
QHYL01000250_2,5000,0.003386103,0.855081252,0
QHYL01000295_1,5000,0.01476499,0.667111327,0
QHYL01000357_1,5000,0.0848577,0.364297841,0
QHYL01000404_1,5000,0.011210916,0.708100897,0
QHYL01000447_1,5000,0.04104383,0.486902741,0
QHYI01000050_1,5000,0.16516172,0.255275285,0
QHYI01000103_7,5000,0.033232696,0.525466893,0
QHYI01000105_16,5000,0.306214619,0.158864904,0
QHYI01000110_8,5000,0.027338931,0.562697065,0
QHYI01000119_13,5000,0.150986818,0.267644919,0
QHYI01000119_17,5000,0.024528268,0.578583556,0
QHYI01000124_2,5000,0.111904538,0.316880912,0
QHYI01000130_10,5000,0.005061122,0.814091681,0
QHYI01000138_7,5000,0.023462537,0.587800146,0
QHYI01000143_2,5000,0.042478713,0.480960466,0
QHYI01000154_3,5000,0.023751466,0.584768373,0
QHZU01000241_1,5000,0.012756346,0.689061363,0
QIAN01000013_2,5000,0.029461527,0.547416929,0
QIAN01000063_2,5000,0.016154928,0.650861024,0
QIAN01000138_2,5000,0.020337984,0.612296871,0
QIAN01000250_4,5000,0.013969725,0.674993936,0
QIAN01000266_3,5000,0.044812491,0.47101625,0
QIAN01000283_1,5000,0.363514545,0.132670386,0
QIAN01000379_4,5000,0.044198891,0.47356294,0
QHWH01000042_3,5000,0.016775832,0.646252729,0
QHWH01000049_3,5000,0.018136984,0.632912927,0
QHWH01000094_1,5000,0.002264388,0.889279651,0
QHWH01000110_2,5000,0.055217163,0.436332767,0
QHWH01000114_2,5000,0.43031517,0.109628911,0
QHWH01000205_4,5000,0.043213339,0.477443609,0
QHWH01000252_2,5000,0.004603199,0.821125394,0
QHWH01000252_3,5000,0.03011948,0.543293718,0
QHWH01000337_2,5000,0.474086378,0.094833859,0
QHWH01000345_1,5000,0.660098318,0.053237934,0
QHWH01000476_5,5000,0.018330473,0.631336406,0
QHVS01000002_3,5000,0.084319141,0.36538928,0
QHVS01000064_1,5000,0.021216276,0.605748242,0
QHVS01000103_3,5000,0.045015499,0.470167354,0
QHVS01000112_4,5000,0.119807525,0.305117633,0
QHVS01000131_2,5000,0.05408741,0.439970895,0
QHVS01000146_1,5000,0.019218915,0.623089983,0
QHVS01000152_1,5000,0.563624658,0.073732719,0
QHVS01000161_1,5000,0.145681941,0.273344652,0
QHVS01000177_1,5000,0.000539108,0.965437788,0
QHWZ01000042_2,5000,0.027985609,0.55808877,0
QHWZ01000175_4,5000,0.026048748,0.570700946,0
QHWZ01000372_8,5000,0.040801279,0.487630366,0
QHWZ01000571_4,5000,0.05536812,0.435605142,0
QHTJ01000030_1,5000,0.028611137,0.553601746,0
QHTJ01000100_13,5000,0.003270557,0.858961921,0
QHTJ01000101_49,5000,0.00714841,0.771525588,0
QHTJ01000103_4,5000,0.149154153,0.269827795,0
QHTJ01000105_44,5000,0.011674474,0.702279893,0
QHTJ01000107_17,5000,0.089107547,0.355930148,0
QHTJ01000108_15,5000,0.018681373,0.628062091,0
QHTJ01000113_34,5000,0.158321063,0.26121756,0
QHTJ01000125_3,5000,0.165804969,0.254790201,0
QHUN01000002_2,5000,0.002219883,0.890977444,0
QHUN01000032_9,5000,0.01381588,0.676085375,0
QHUN01000068_4,5000,0.013591625,0.67814698,0
QHUN01000096_1,5000,0.002014109,0.898860053,0
QHXC01000150_2,5000,0.061914521,0.414989086,0
QHXC01000168_2,5000,0.075956403,0.383579918,0
QHXC01000168_4,5000,0.008244724,0.752607325,0
QHXC01000190_1,5000,0.067477166,0.400557846,0
QHXC01000209_1,5000,0.031078201,0.53820034,0
QHXC01000255_1,5000,0.358435017,0.134853262,0
QHXC01000371_1,5000,0.164736508,0.256002911,0
QHXC01000421_6,5000,0.038601136,0.495876789,0
NTKP01000009_3,5000,0.12051301,0.304268736,0
NTKP01000023_3,5000,0.272547693,0.177540626,0
NTKP01000025_2,5000,0.016017879,0.652195004,0
NTKP01000030_2,5000,0.514202294,0.084162018,0
NTKP01000032_2,5000,0.336970544,0.144312394,0
QIAB01000014_4,5000,0.02867015,0.55275285,0
QIAB01000020_5,5000,0.311509564,0.15704584,0
QIAB01000028_3,5000,0.084334939,0.36538928,0
QIAB01000040_6,5000,0.124289757,0.299296629,0
QIAB01000045_2,5000,0.101901224,0.331918506,0
QIAB01000054_6,5000,0.224257868,0.20446277,0
QIAB01000059_6,5000,0.478262291,0.093984962,0
QIAB01000061_6,5000,0.069711603,0.395707009,0
QIAB01000069_2,5000,0.193625717,0.229202037,0
QIAB01000075_5,5000,0.069352114,0.396677177,0
QIAT01000112_4,5000,0.1008654,0.333616299,0
QIAT01000276_4,5000,0.066677416,0.401528014,0
QIAT01000301_1,5000,0.001456346,0.919961193,0
QIAT01000311_5,5000,0.080683252,0.373635702,0
QIAT01000319_2,5000,0.497524033,0.089012855,0
QIAT01000321_3,5000,0.138249843,0.281227262,0
QIAT01000328_2,5000,0.013229717,0.682148921,0
QIAJ01000073_2,5000,0.049750635,0.453431967,0
QIAJ01000115_6,5000,0.011770891,0.700945913,0
QIAJ01000121_4,5000,0.006860522,0.777225321,0
QIAJ01000169_2,5000,0.240674467,0.1939122,0
QIAJ01000239_4,5000,0.104472966,0.328037837,0
QHWU01000001_2,5000,0.195256697,0.228474412,0
QHWU01000070_2,5000,0.024509765,0.578583556,0
QHWU01000136_1,5000,0.042539463,0.480717924,0
QHWU01000218_1,5000,0.012519754,0.691608052,0
NTKX01000002_12,5000,0.107976952,0.322095561,0
NTKX01000007_5,5000,0.010702921,0.714164443,0
NTKX01000033_2,5000,0.006432192,0.787048266,0
NTKQ01000003_6,5000,0.205878085,0.219742906,0
NTKQ01000008_2,5000,0.09079019,0.352049479,0
QHXG01000001_7,5000,0.057254358,0.428935241,0
QHXG01000039_1,5000,0.023734078,0.584889643,0
QHXG01000168_1,5000,0.139247695,0.280742178,0
QHXG01000221_2,5000,0.006615185,0.783288867,0
QHXG01000270_1,5000,0.36428787,0.132306573,0
QHXG01000430_1,5000,0.291816318,0.165534805,0
NTKV01000014_1,5000,0.016666968,0.647465438,0
NTKV01000014_2,5000,0.195187323,0.228474412,0
NTKV01000021_1,5000,0.002642592,0.874363328,0
NTKV01000032_2,5000,0.017553247,0.638733932,0
NTKV01000047_3,5000,0.005934229,0.796628668,0
NTKV01000049_1,5000,0.001364794,0.923720592,0
NTKV01000070_1,5000,0.036501964,0.508488964,0
NTKA01000023_6,5000,0.010280552,0.721076886,0
PCAK01000005_16,5000,0.08581576,0.362236236,0
PCAK01000015_5,5000,0.050611615,0.450400194,0
PCAK01000020_26,5000,0.262811091,0.182391463,0
PCAK01000031_8,5000,0.099760674,0.335314092,0
PCAK01000040_23,5000,0.067649954,0.400072763,0
PCAK01000042_3,5000,0.507361363,0.085617269,0
QIBC01000002_3,5000,0.446708411,0.104292991,0
QIBC01000022_7,5000,0.036174763,0.510186757,0
QIBC01000027_4,5000,0.211372387,0.214528256,0
QIBC01000101_4,5000,0.01359955,0.677904439,0
QIBC01000118_3,5000,0.230526007,0.199975746,0
PVXK01000001_47,5000,0.009831094,0.726291535,0
PVXK01000001_206,5000,0.006010874,0.795294688,0
PVXK01000001_324,5000,0.00518843,0.810938637,0
PVXK01000001_326,5000,0.003650758,0.847926267,0
PVXK01000001_512,5000,0.002695427,0.873150618,0
PVXK01000001_520,5000,0.031334412,0.536502547,0
PVXK01000001_550,5000,0.014851808,0.666504972,0
PVXK01000001_685,5000,0.044067512,0.473926752,0
PVXK01000001_759,5000,0.07557924,0.384550085,0
PVXK01000001_846,5000,0.159604688,0.260489935,0
PVXK01000001_963,5000,0.002938791,0.867572156,0
PVXK01000002_44,5000,0.766730408,0.033713316,0
PVXK01000003_9,5000,0.013077888,0.684574339,0
NTKU01000013_5,5000,0.343792516,0.140916808,0
QHXY01000097_1,5000,0.048226339,0.458767887,0
QHXY01000297_1,5000,0.00952424,0.731869998,0
QHXY01000302_1,5000,0.02427981,0.580402619,0
NTKC01000001_9,5000,0.966308462,0.005457191,0
NTKC01000002_17,5000,0.145101989,0.273951007,0
NTKC01000003_16,5000,0.216320949,0.210405045,0
PDUC01000009_3,5000,0.007809766,0.761338831,0
PDUC01000026_20,5000,0.009557864,0.731021101,0
PDUC01000026_25,5000,0.062512174,0.412321125,0
PDUC01000027_18,5000,0.035759364,0.512248363,0
PDUC01000033_1,5000,0.020813468,0.607809847,0
PDUC01000039_14,5000,0.323360195,0.151831191,0
PDUC01000045_4,5000,0.043360375,0.476594713,0
PDUC01000049_7,5000,0.123745031,0.299902983,0
PDUC01000050_5,5000,0.026677624,0.566335193,0
NTKT01000002_33,5000,0.006986459,0.774678632,0
NTKT01000004_10,5000,0.011626687,0.702764977,0
NTKT01000005_10,5000,0.04785821,0.459980597,0
NTKT01000005_14,5000,0.107151345,0.323187,0
NTKT01000008_4,5000,0.009104473,0.74011642,0
NTKT01000009_14,5000,0.081431367,0.371937909,0
NTKT01000010_10,5000,0.05609143,0.432452098,0
NTKT01000023_6,5000,0.003075938,0.863691487,0
NTKT01000029_4,5000,0.093404228,0.347198642,0
NTJZ01000003_15,5000,0.208519858,0.217074945,0
NTJZ01000003_22,5000,0.109882003,0.319063789,0
NTJZ01000005_5,5000,0.098380359,0.338709677,0
NTJZ01000006_1,5000,0.061053234,0.41814213,0
NTJZ01000010_11,5000,0.124914798,0.298690274,0
NTJZ01000011_7,5000,0.123511352,0.300145525,0
NTJZ01000011_16,5000,0.192258946,0.230414747,0
NTJZ01000014_8,5000,0.016861965,0.645888916,0
NTJZ01000024_3,5000,0.067701615,0.399951492,0
QHVT01000003_46,5000,0.068183594,0.398981324,0
QHVT01000003_134,5000,0.022106085,0.59895707,0
QHVT01000005_4,5000,0.017166874,0.642857143,0
QHVT01000005_33,5000,0.415578299,0.115086102,0
QHVT01000005_41,5000,0.002094925,0.896313364,0
QHVT01000006_65,5000,0.015464464,0.659349988,0
QHVT01000007_30,5000,0.059184081,0.422992966,0
QHVT01000008_13,5000,0.039923567,0.491268494,0
QHVT01000008_70,5000,0.118694724,0.306694155,0
QHVT01000013_11,5000,0.341996229,0.141644434,0
QHVT01000014_20,5000,0.04280546,0.479383944,0
QHVT01000018_16,5000,0.023219653,0.590589377,0
QHVT01000022_10,5000,0.166362862,0.254305118,0
QHVT01000022_13,5000,0.04645884,0.465195246,0
QHVT01000023_9,5000,0.17180641,0.248241572,0
QHVT01000026_22,5000,0.033888799,0.522313849,0
QHVT01000033_7,5000,0.075800739,0.38394373,0
QHZJ01000021_1,5000,0.109063948,0.320397769,0
QHZJ01000034_1,5000,0.086787973,0.36017463,0
QHZJ01000092_1,5000,0.133347898,0.286563182,0
QHZJ01000266_1,5000,0.300741015,0.161775406,0
QHZJ01000502_1,5000,0.054337209,0.439000728,0
QIAY01000011_4,5000,0.281123836,0.173417415,0
QIAY01000042_1,5000,0.292460334,0.165292263,0
QIAY01000064_2,5000,0.107593124,0.322701916,0
QIAY01000066_2,5000,0.098077703,0.338830948,0
QIAY01000124_1,5000,0.006344513,0.788503517,0
QIAY01000145_2,5000,0.088971587,0.356415232,0
QIAY01000156_3,5000,0.723919724,0.041110842,0
QHZM01000046_1,5000,0.01974417,0.617147708,0
QHZM01000063_1,5000,0.011633822,0.702764977,0
QHZM01000077_1,5000,0.101068274,0.333373757,0
QHZM01000490_1,5000,0.01951057,0.619936939,0
NTKE01000005_5,5000,0.034435296,0.520009702,0
NTJY01000024_1,5000,0.196525028,0.227382974,0
NTJY01000025_3,5000,0.142515954,0.27698278,0
QHTV01000172_1,5000,0.09472997,0.344409411,0
QHTV01000181_1,5000,0.014781325,0.666990056,0
NTKS01000007_4,5000,0.027757861,0.559665292,0
NTKS01000012_2,5000,0.019847684,0.616662624,0
NTKJ01000003_14,5000,0.141270591,0.278195489,0
NTKJ01000011_3,5000,0.266515635,0.180451128,0
QIAS01000023_1,5000,0.016781022,0.646252729,0
QIAS01000185_3,5000,0.003213959,0.859932088,0
QIAS01000193_2,5000,0.008049129,0.756730536,0
QHVV01000004_16,5000,0.011865674,0.699611933,0
QHVV01000010_10,5000,0.005452379,0.8060878,0
QHVV01000084_13,5000,0.000678529,0.956706282,0
QHVV01000108_13,5000,0.002363171,0.885762794,0
QHVV01000109_8,5000,0.001180032,0.931724472,0
QHVV01000183_1,5000,0.009754362,0.727382974,0
QHVN01000054_1,5000,0.00224102,0.890249818,0
QHVN01000262_1,5000,0.036595637,0.508003881,0
QHVN01000313_1,5000,0.00388173,0.841620179,0
QHYH01000022_1,5000,0.027016601,0.564758671,0
QHYH01000073_1,5000,0.077181594,0.381639583,0
QHYH01000079_9,5000,0.019118643,0.623453796,0
QHYH01000081_7,5000,0.005462847,0.805966529,0
QHYH01000091_8,5000,0.158415993,0.26121756,0
QHYH01000091_37,5000,0.132647705,0.28753335,0
QHYH01000097_11,5000,0.010923955,0.71113267,0
QHYH01000099_16,5000,0.005995391,0.795658501,0
QHYH01000100_14,5000,0.072348965,0.39049236,0
QHYH01000126_4,5000,0.177208436,0.243512006,0
QHYH01000136_6,5000,0.19052073,0.231748727,0
QHYH01000156_6,5000,0.009947396,0.725442639,0
QHYH01000170_8,5000,0.894901425,0.013946156,0
QHYH01000188_3,5000,0.15055909,0.267887461,0
QHTW01000015_2,5000,0.255297641,0.186635945,0
QHTW01000067_3,5000,0.005921315,0.796628668,0
QHTW01000148_1,5000,0.014625263,0.668566578,0
QHTW01000231_2,5000,0.063090627,0.410502062,0
QHZD01000017_55,5000,0.01481464,0.666747514,0
QHZD01000022_13,5000,0.038914478,0.494906621,0
QHZD01000022_20,5000,0.208227063,0.217438758,0
QHZD01000023_19,5000,0.056462653,0.43136066,0
QHZD01000027_5,5000,0.053544194,0.441789959,0
QHZD01000047_7,5000,0.128520581,0.293475625,0
QHZD01000053_10,5000,0.006835717,0.777952947,0
QHZD01000053_11,5000,0.014117175,0.673902498,0
QIAW01000048_1,5000,5.49E-05,0.996968227,0
QIAW01000141_1,5000,0.014267819,0.672447247,0
QIAW01000248_5,5000,0.000456355,0.971137521,0
QIAW01000275_2,5000,0.001958305,0.901528014,0
QIAW01000275_3,5000,0.007414413,0.76655348,0
QIAW01000293_3,5000,0.006904085,0.776618967,0
QIAW01000330_2,5000,0.009901397,0.725685181,0
QIAW01000507_1,5000,0.025027037,0.57518797,0
QHVB01000024_49,5000,0.004567023,0.821974291,0
QHVB01000024_54,5000,0.003350522,0.85617269,0
QHYW01000017_1,5000,0.11164649,0.317123454,0
QHYW01000034_4,5000,0.037423405,0.502304147,0
QHYW01000048_2,5000,0.005175859,0.81130245,0
QHYW01000083_5,5000,0.024456805,0.57918991,0
QHYW01000190_2,5000,0.259349674,0.184210526,0
QHYW01000194_1,5000,0.284372259,0.170264371,0
QHYW01000224_3,5000,0.060974783,0.4182634,0
QHYW01000228_4,5000,0.040341012,0.489691972,0
QHYW01000240_4,5000,0.007608047,0.764249333,0
QHYW01000246_8,5000,0.003464708,0.852655833,0
QHYW01000365_2,5000,0.002800511,0.870118846,0
QHYM01000101_2,5000,0.435167186,0.107567305,0
QHYM01000102_1,5000,0.030203628,0.542687364,0
QHYM01000125_1,5000,0.014686333,0.667838952,0
QHYM01000146_5,5000,0.006896787,0.776740238,0
QHYM01000225_1,5000,0.66373542,0.052510308,0
QHYM01000261_5,5000,0.009515095,0.732112539,0
QHYM01000312_4,5000,0.076899678,0.382367208,0
QHYQ01000050_1,5000,0.628452954,0.060392918,0
QHYQ01000134_5,5000,0.011397166,0.705311666,0
QHYQ01000182_4,5000,0.013963034,0.675236478,0
QHYQ01000190_3,5000,0.004043993,0.836162988,0
QHYQ01000210_4,5000,0.009852633,0.726048993,0
QHYQ01000239_6,5000,0.013291135,0.681300024,0
QHYQ01000269_4,5000,0.004466894,0.824157167,0
QHYQ01000295_1,5000,0.043738275,0.47489692,0
QHYQ01000295_4,5000,0.124581599,0.299175358,0
LQRT01000001_17,5000,0.005252753,0.80996847,0
LQRT01000002_19,5000,0.267054032,0.180329857,0
LQRT01000002_85,5000,0.070650741,0.394009217,0
LQRT01000002_93,5000,0.045036438,0.470167354,0
LQRT01000002_99,5000,0.625505289,0.061120543,0
LQRT01000002_156,5000,0.771498197,0.03298569,0
LQRT01000002_190,5000,0.433283418,0.108294931,0
LQRT01000003_16,5000,0.616148429,0.063424691,0
LQRT01000003_35,5000,0.031323466,0.536502547,0
LQRT01000013_106,5000,0.217757243,0.208707252,0
LQRT01000013_114,5000,0.121992514,0.302328402,0
LQRT01000035_37,5000,0.217602376,0.208828523,0
LQRT01000046_14,5000,0.431888816,0.109265098,0
LQRT01000058_26,5000,0.451953498,0.10295901,0
LQRT01000060_7,5000,0.358855644,0.134731991,0
LQRT01000060_11,5000,0.023749411,0.584768373,0
LQRT01000060_57,5000,0.007840066,0.760732476,0
NTKM01000017_1,5000,0.06554621,0.40504487,0
NTKM01000046_2,5000,0.015428735,0.659713801,0
NTKM01000051_1,5000,0.069282594,0.396798448,0
NTKM01000055_2,5000,0.116601059,0.30996847,0
QHWE01000058_4,5000,0.084506389,0.365025467,0
QHWE01000059_12,5000,0.00486438,0.81797235,0
QHWE01000068_4,5000,0.117205426,0.30875576,0
QHWE01000068_8,5000,0.092958837,0.347562455,0
QHWE01000085_1,5000,0.119910126,0.30475382,0
QHWE01000088_20,5000,0.103325056,0.329371817,0
QHWE01000092_6,5000,0.395850627,0.121756003,0
QHWE01000097_2,5000,0.109116964,0.320276498,0
QHWE01000121_5,5000,0.075099462,0.385762794,0
QHWE01000140_1,5000,0.072538781,0.389886005,0
QHWE01000141_9,5000,0.021350186,0.604656803,0
QHWE01000142_6,5000,0.052643315,0.444215377,0
QHWE01000155_5,5000,0.120739878,0.303904924,0
QHWE01000183_1,5000,0.0026337,0.874848411,0
QHWE01000216_1,5000,0.048019119,0.459495513,0
QHUL01000049_18,5000,0.297346728,0.163230657,0
QHUL01000053_9,5000,0.001680044,0.910623333,0
QHUL01000055_11,5000,0.000672792,0.956948824,0
QHUL01000055_17,5000,0.022664353,0.595561484,0
QHUL01000065_6,5000,0.007693249,0.762794082,0
QHUL01000067_1,5000,0.121127563,0.303177298,0
QHUL01000069_13,5000,0.002666254,0.873878244,0
QHUL01000070_2,5000,0.009719289,0.728110599,0
QHUL01000072_4,5000,0.004900382,0.816395828,0
QHYJ01000016_1,5000,0.038281191,0.497453311,0
QHYJ01000016_16,5000,0.014170504,0.673296144,0
QHYJ01000024_7,5000,0.077968961,0.379699248,0
QHYJ01000072_8,5000,0.009273985,0.737327189,0
QHYJ01000085_6,5000,0.278203608,0.174993936,0
QHYJ01000119_4,5000,0.012994272,0.685787048,0
QHYJ01000184_4,5000,0.001254565,0.928935241,0
QHYJ01000188_3,5000,0.0040975,0.835192821,0
QHYJ01000194_7,5000,0.005922387,0.796628668,0
QHYJ01000209_4,5000,0.005901011,0.79687121,0
QHYJ01000233_2,5000,0.033910743,0.522313849,0
QHYJ01000375_1,5000,0.360418074,0.134246908,0
QIAQ01000050_3,5000,0.024383071,0.579432452,0
QHUB01000008_6,5000,0.069272464,0.396919719,0
QHUB01000019_4,5000,0.03930951,0.49345137,0
QHUB01000044_1,5000,0.138921425,0.28098472,0
QHUB01000082_1,5000,0.009629518,0.729808392,0
MIEQ01000017_10,5000,0.112399502,0.316395828,0
MIEQ01000022_14,5000,0.032805649,0.528013582,0
MIEQ01000022_52,5000,0.404898085,0.118602959,0
MIEQ01000026_3,5000,0.16388067,0.25721562,0
MIEQ01000027_26,5000,0.120799036,0.303662382,0
MIEQ01000027_96,5000,0.435146145,0.107688576,0
MIEQ01000044_65,5000,0.104735587,0.327310211,0
MIEQ01000046_17,5000,0.614795723,0.063909774,0
MIEQ01000046_36,5000,0.369425766,0.130366238,0
MIEQ01000046_55,5000,0.331345682,0.146980354,0
MIEQ01000078_6,5000,0.068081103,0.399223866,0
MIEQ01000096_69,5000,0.048704882,0.45646374,0
QHVX01000003_2,5000,0.006235046,0.790322581,0
QHVX01000019_3,5000,0.004956853,0.815425661,0
QHVX01000135_1,5000,0.070625034,0.394009217,0
QHVX01000180_1,5000,0.112907634,0.315910745,0
QHVX01000242_1,5000,0.05531236,0.435968955,0
QHVX01000272_1,5000,0.114705073,0.312515159,0
NTKK01000001_42,5000,0.01864051,0.628183362,0
NTKK01000002_33,5000,0.205542511,0.219742906,0
NTKK01000003_33,5000,0.000986725,0.942638855,0
NTKK01000010_4,5000,0.022392627,0.597259277,0
QHZN01000064_3,5000,0.121349183,0.302813485,0
QHZN01000084_5,5000,0.152012289,0.266674751,0
QHZN01000085_10,5000,0.257129568,0.185544506,0
QHZN01000099_7,5000,0.004694964,0.820155227,0
QHZN01000113_7,5000,0.061292744,0.417414504,0
QHZN01000114_1,5000,0.139238115,0.280742178,0
QHZN01000122_4,5000,0.004835177,0.818457434,0
QHZN01000128_1,5000,0.419449266,0.113145768,0
QHZN01000149_3,5000,0.087466025,0.359083192,0
QHZN01000162_1,5000,0.011504055,0.704220228,0
QHZN01000215_1,5000,0.642308107,0.057118603,0
QHZN01000229_3,5000,0.513890657,0.084283289,0
QHZN01000231_3,5000,0.121183527,0.303056027,0
QHZN01000283_1,5000,0.021716754,0.601382488,0
QHVE01000025_5,5000,0.343927282,0.140916808,0
QHVE01000055_3,5000,0.026332918,0.569003153,0
QHVE01000058_10,5000,0.025115283,0.575066699,0
QHVE01000059_7,5000,0.012422107,0.692699491,0
QHVE01000067_17,5000,0.509968088,0.084889643,0
QHVE01000082_1,5000,0.026575133,0.566699006,0
QHVE01000095_5,5000,0.121769719,0.302449673,0
QHPI01000040_2,5000,0.001881491,0.903953432,0
QHPI01000057_2,5000,0.004156275,0.834222653,0
QHPI01000059_7,5000,0.025295927,0.574339073,0
QHPI01000068_10,5000,0.046844141,0.463497453,0
JWLZ01000001_9,5000,0.013768171,0.676449187,0
JWLZ01000035_2,5000,0.051693252,0.447732234,0
JWLZ01000046_10,5000,0.009374003,0.73611448,0
JWLZ01000146_11,5000,0.555733085,0.075794325,0
JWLZ01000215_1,5000,0.0014632,0.919718651,0
JWLZ01000149_8,5000,0.023509668,0.587193791,0
JWLZ01000159_37,5000,0.049322644,0.454644676,0
JWLZ01000182_8,5000,0.014425018,0.670870725,0
JWLZ01000206_4,5000,0.015530375,0.658622362,0
JWLZ01000215_1,5000,0.0014632,0.919718651,0
JWLZ01000225_4,5000,0.070941493,0.393524133,0
QHZS01000054_1,5000,0.035842828,0.512005821,0
QHZS01000077_1,5000,0.009976959,0.725078826,0
QHZS01000172_1,5000,0.287108303,0.167475139,0
QHZS01000235_3,5000,0.477944333,0.093984962,0
QHZS01000294_2,5000,0.038377039,0.496968227,0
QHZS01000397_1,5000,0.154182916,0.264006791,0
QHZS01000557_1,5000,0.119466793,0.305602716,0
QHPO01000049_2,5000,0.009005527,0.7414504,0
QHPO01000143_1,5000,0.008521777,0.748847926,0
QHPO01000166_2,5000,0.007056797,0.772859568,0
QIAO01000146_1,5000,0.036047635,0.510671841,0
QIAO01000207_1,5000,0.043306137,0.476958525,0
NEED01000001_21,5000,0.481415868,0.092893524,0
NEED01000008_25,5000,0.189447815,0.232961436,0
NEED01000017_7,5000,0.005453388,0.8060878,0
NEED01000023_88,5000,0.117200989,0.30875576,0
NEED01000049_27,5000,0.004158148,0.834101382,0
NEED01000049_71,5000,0.055414947,0.435483871,0
NEED01000069_45,5000,0.03623368,0.510065486,0
NEED01000069_63,5000,0.013071271,0.684574339,0
NEED01000071_5,5000,0.149556836,0.269342712,0
NEED01000071_19,5000,0.044255777,0.473077856,0
NEED01000071_33,5000,0.058988768,0.423356779,0
NEED01000073_9,5000,0.977667824,0.003759398,0
NEED01000073_33,5000,0.312279886,0.156924569,0
NEED01000073_57,5000,0.020680822,0.609143827,0
NEED01000078_17,5000,0.088954487,0.356415232,0
NEED01000078_4,5000,0.070462927,0.394251758,0
NEED01000078_17,5000,0.088954487,0.356415232,0
NEED01000078_19,5000,0.081464023,0.371816638,0
NEED01000079_4,5000,0.035637593,0.512975988,0
NEED01000081_12,5000,0.220895325,0.206524375,0
QHYX01000084_1,5000,0.113498745,0.314819306,0
QHYX01000189_12,5000,0.00400589,0.837375697,0
QHYX01000130_1,5000,0.001145077,0.93402862,0
QHYX01000160_1,5000,0.595527717,0.067184089,0
QHYX01000173_1,5000,0.553649923,0.076158137,0
QHYX01000182_9,5000,0.023056001,0.591680815,0
QHYX01000185_13,5000,0.090610298,0.352655833,0
QHYX01000189_12,5000,0.00400589,0.837375697,0
QHYX01000189_27,5000,0.063761524,0.408804269,0
QHYX01000189_30,5000,0.089606567,0.35483871,0
QHYX01000191_1,5000,0.012136684,0.696337618,0
QHYX01000197_5,5000,0.307793271,0.15825855,0
QHYX01000200_4,5000,0.091960489,0.350351686,0
QHYX01000208_12,5000,0.113778875,0.314576764,0
QHYX01000212_2,5000,0.253428015,0.187727383,0
QHYX01000212_13,5000,0.380476285,0.126728111,0
QHYX01000213_2,5000,0.06579375,0.403953432,0
QHYX01000264_1,5000,0.051069722,0.449187485,0
QHYX01000357_1,5000,0.260950097,0.182997817,0
QHXH01000101_1,5000,0.020813656,0.607809847,0